status,sort,user_created,date_created,user_updated,date_updated,title,date,file,link,excerpt
published,,137c91ed-c21a-419f-ba99-80c7d2fd5c7e,12:56.7,137c91ed-c21a-419f-ba99-80c7d2fd5c7e,,Interior Department Withdraws Trump-Era Fossil Fuel Valuation and Civil Penalty Rule,9/28/2021,,https://content.govdelivery.com/accounts/USDOI/bulletins/2f4f35f,"<strong>Washington</strong>&mdash;The Department of the Interior today announced that the Office of Natural Resources Revenue (ONRR) has withdrawn the final 2020 Valuation Reform and Civil Penalty Rule, a move that will restore balance to America�s public lands and waters and ensure that corporations are paying their fair share to the American public."
published,,137c91ed-c21a-419f-ba99-80c7d2fd5c7e,12:56.7,137c91ed-c21a-419f-ba99-80c7d2fd5c7e,,Interior Disburses Over $36 Million to Mississippi,3/30/2021,,,"<strong>Washington</strong>&mdash;The U.S. Department of the Interior today announced nearly $249 million in fiscal year (FY) 2020 energy revenues to the four offshore Gulf oil and gas producing states, including over $36 million for Mississippi and its coastal political subdivisions (CPS)."
published,,137c91ed-c21a-419f-ba99-80c7d2fd5c7e,12:56.7,137c91ed-c21a-419f-ba99-80c7d2fd5c7e,,Interior Disburses Nearly $110 Million to Louisiana,3/30/2021,,,"<strong>Washington</strong>&mdash;The U.S. Department of the Interior today announced nearly $249 million in fiscal year (FY) 2020 energy revenues to the four offshore Gulf oil and gas producing states, including nearly $110 million for Louisiana and its coastal political subdivisions (CPS)."
published,,137c91ed-c21a-419f-ba99-80c7d2fd5c7e,12:56.7,137c91ed-c21a-419f-ba99-80c7d2fd5c7e,,Interior Disburses Nearly $249 Million to Gulf States,3/30/2021,,,"<strong>Washington</strong>&mdash;The U.S. Department of the Interior today announced nearly $249 million in Fiscal Year 2020 energy revenues to the four offshore Gulf oil and gas producing states Alabama, Louisiana, Mississippi and Texas, and their coastal political subdivisions (CPS)."
published,,137c91ed-c21a-419f-ba99-80c7d2fd5c7e,12:56.7,137c91ed-c21a-419f-ba99-80c7d2fd5c7e,,Interior Disburses Over $35 Million to Alabama,3/30/2021,,,"<strong>Washington</strong>&mdash;The U.S. Department of the Interior today announced nearly $249 million in fiscal year (FY) 2020 energy revenues to the four offshore Gulf oil and gas producing states, including over $35 million for Alabama and its coastal political subdivisions (CPS)."
published,,137c91ed-c21a-419f-ba99-80c7d2fd5c7e,12:56.7,137c91ed-c21a-419f-ba99-80c7d2fd5c7e,,Interior Disburses Over $67 Million to Texas,3/30/2021,,,"<strong>Washington</strong>&mdash;The U.S. Department of the Interior today announced nearly $249 million in fiscal year (FY) 2020 energy revenues to the four offshore Gulf oil and gas producing states, including over $67 million for Texas and its coastal political subdivisions (CPS)."
archived,,137c91ed-c21a-419f-ba99-80c7d2fd5c7e,12:56.7,137c91ed-c21a-419f-ba99-80c7d2fd5c7e,,Trump Administration Disburses $457.47 Million in FY 2020 Energy Revenues to Wyoming,12/4/2020,,,"<strong>Washington</strong>&mdash;U.S. Secretary of the Interior David Bernhardt announced today that Interior's Office of Natural Resources Revenue (ONRR), disbursed $457.47 million in Fiscal Year 2020 energy revenues to Wyoming."
archived,,137c91ed-c21a-419f-ba99-80c7d2fd5c7e,12:56.7,137c91ed-c21a-419f-ba99-80c7d2fd5c7e,,Trump Administration Disburses $99.36 Million in FY 2020 Energy Revenues to Texas,12/4/2020,,,"<strong>Washington</strong>&mdash;U.S. Secretary of the Interior David Bernhardt announced today that Interior's Office of Natural Resources Revenue (ONRR), disbursed $99.36 million in Fiscal Year 2020 energy revenues to Texas."
archived,,137c91ed-c21a-419f-ba99-80c7d2fd5c7e,12:56.7,137c91ed-c21a-419f-ba99-80c7d2fd5c7e,,Trump Administration Disburses $66.72 Million in FY 2020 Energy Revenues to North Dakota,12/4/2020,,,"<strong>Washington</strong>&mdash;U.S. Secretary of the Interior David Bernhardt announced today that Interior's Office of Natural Resources Revenue (ONRR), disbursed $66.72 million in Fiscal Year 2020 energy revenues to North Dakota."
archived,,137c91ed-c21a-419f-ba99-80c7d2fd5c7e,12:56.7,137c91ed-c21a-419f-ba99-80c7d2fd5c7e,,Trump Administration Disburses $706.96 Million in FY 2020 Energy Revenues to New Mexico,12/4/2020,,,"<strong>Washington</strong>&mdash;U.S. Secretary of the Interior David Bernhardt announced today that Interior's Office of Natural Resources Revenue (ONRR), disbursed $706.96 million in Fiscal Year 2020 energy revenues to New Mexico."
archived,,137c91ed-c21a-419f-ba99-80c7d2fd5c7e,12:56.7,137c91ed-c21a-419f-ba99-80c7d2fd5c7e,,Trump Administration Disburses More than $8 Billion from 2020 Energy Production,12/4/2020,,,"<strong>Washington</strong>&mdash;U.S. Secretary of the Interior David L. Bernhardt announced today that Interior's Office of Natural Resources Revenue (ONRR) disbursed $8.08 billion in Fiscal Year 2020 from energy production on offshore areas and federal and American Indian lands. Despite this year's pandemic, this still represents an increase of approximately 30% compared to 2016 disbursements made at the end of the previous Administration."
archived,,137c91ed-c21a-419f-ba99-80c7d2fd5c7e,12:56.7,137c91ed-c21a-419f-ba99-80c7d2fd5c7e,,Trump Administration Disburses $159.09 Million in FY 2020 Energy Revenues to Louisiana,12/4/2020,,,"<strong>Washington</strong>&mdash;U.S. Secretary of the Interior David Bernhardt announced today that Interior's Office of Natural Resources Revenue (ONRR), disbursed $159.09 million in Fiscal Year 2020 energy revenues to Louisiana."
archived,,137c91ed-c21a-419f-ba99-80c7d2fd5c7e,12:56.7,137c91ed-c21a-419f-ba99-80c7d2fd5c7e,,Trump Administration Proposes to Obtain a Fair Return for America�s Mineral Resources,8/7/2020,,,"<strong>Washington</strong>&mdash;Advancing President Trump's agenda to promote energy independence and economic growth, the Department of the Interior will publish a proposed rule to amend portions of the Office of Natural Resources Revenue's (ONRR) regulations. The proposal would eliminate complexity and bring greater clarity and certainty for our public and private partners."
archived,,137c91ed-c21a-419f-ba99-80c7d2fd5c7e,12:56.7,137c91ed-c21a-419f-ba99-80c7d2fd5c7e,,Interior Disburses $95.3 Million to Texas from 2019 Energy Revenues,3/30/2020,,,<strong>Washington</strong>&mdash;U.S. Department of the Interior Secretary David Bernhardt announced today that the Department disbursed nearly $95.3 million to Texas and its coastal political subdivisions (CPS). This represents an increase of nearly $37.4 million over the prior year.
archived,,137c91ed-c21a-419f-ba99-80c7d2fd5c7e,12:56.7,137c91ed-c21a-419f-ba99-80c7d2fd5c7e,,Interior Disburses $51.9 Million to Mississippi from 2019 Energy Revenues,3/30/2020,,,<strong>Washington</strong>&mdash;U.S. Department of the Interior Secretary David Bernhardt announced today that the Department disbursed more than $51.9 million to Mississippi and its coastal political subdivisions (CPS). This represents an increase of nearly $20.2 million over the prior year.
archived,,137c91ed-c21a-419f-ba99-80c7d2fd5c7e,12:56.7,137c91ed-c21a-419f-ba99-80c7d2fd5c7e,,Interior Disburses $155.7 Million to Louisiana in FY 2019 Energy Revenues,3/30/2020,,,<strong>Washington</strong>&mdash;U.S. Department of the Interior Secretary David Bernhardt announced today that the Department disbursed more than $155.7 million to Louisiana and its coastal political subdivisions (CPS). This represents an increase of nearly $61 million over the prior year.
archived,,137c91ed-c21a-419f-ba99-80c7d2fd5c7e,12:56.7,137c91ed-c21a-419f-ba99-80c7d2fd5c7e,,Interior Disburses $50 Million to Alabama from 2019 Energy Revenues,3/30/2020,,,<strong>Washington</strong>&mdash;U.S. Department of the Interior Secretary David Bernhardt announced today that the Department disbursed more than $50 million to Alabama and its coastal political subdivisions (CPS). This represents an increase of nearly $19.5 million over the prior year.
archived,,137c91ed-c21a-419f-ba99-80c7d2fd5c7e,12:56.7,137c91ed-c21a-419f-ba99-80c7d2fd5c7e,,Interior Disburses $353 Million in GOMESA FY 2019 Revenues; Funds Support Coastal Conservation and Hurricane Protection Projects,3/30/2020,,,"<strong>Washington</strong>&mdash;Today, U.S. Department of the Interior Secretary David Bernhardt announced that the Department disbursed almost $353 million in FY 2019 energy revenues to the four Gulf oil and gas producing states--Alabama, Louisiana, Mississippi and Texas, and their coastal political subdivisions (CPS)--an increase of 64.2 percent ($138 million) over the prior year."
archived,,137c91ed-c21a-419f-ba99-80c7d2fd5c7e,12:56.7,137c91ed-c21a-419f-ba99-80c7d2fd5c7e,,Oil Production from Department of the Interior Managed Leases Surpasses 1 Billion Barrels for the First Time in History Under the Trump Administration,2/11/2020,,,"<strong>Washington</strong>&mdash;The Department of the Interior (Department) announced today that over one billion barrels of oil were produced in Fiscal Year (FY) 2019 from leases on federal and American Indian-owned lands and offshore areas--an historic milestone. This represents a 122.5-million-barrel increase in comparison to FY 2018 and is over 29 percent more production than at the end of the previous Administration, which totaled 808.7 million barrels in FY 2016."
archived,,137c91ed-c21a-419f-ba99-80c7d2fd5c7e,12:56.7,137c91ed-c21a-419f-ba99-80c7d2fd5c7e,,Energy Revenues and Disbursements Soar Under the Trump Administration Revenues and Disbursements Nearly Double FY 2016 Totals,10/24/2019,,,"<strong>Washington</strong>&mdash;U.S. Secretary of the Interior David Bernhardt announced today that the Department of the Interior's Office of Natural Resources Revenue (ONRR) disbursed $11.69 billion in Fiscal Year (FY) 2019 from energy production on federal and American Indian-owned lands and offshore areas. This represents a $2.76 billion increase in comparison to FY 2018, and is nearly double the disbursements allocated at the end of the previous Administration at $6.23 billion for FY 2016."
archived,,137c91ed-c21a-419f-ba99-80c7d2fd5c7e,12:56.7,137c91ed-c21a-419f-ba99-80c7d2fd5c7e,,Interior Disburses $57.8 Million to Texas in FY18 Energy Revenues,4/25/2019,,,"<strong>Washington</strong>&mdash;Today, U.S. Department of the Interior (DOI) Secretary David Bernhardt announced that the Department will disburse more than $57.8 million to Texas and its coastal political subdivisions (CPS) on April 26, 2019."
archived,,137c91ed-c21a-419f-ba99-80c7d2fd5c7e,12:56.7,137c91ed-c21a-419f-ba99-80c7d2fd5c7e,,Interior FY 2018 Energy Revenues for GOMESA Climb to $214.9 Million; Funds will Support Coastal Conservation and Hurricane Protection Projects,4/25/2019,,,"<strong>Washington</strong>&mdash;Today, U.S. Department of the Interior (DOI) Secretary David Bernhardt announced that the Department will disburse nearly $215 million in FY 2018 energy revenues to the four Gulf oil and gas producing states Alabama, Louisiana, Mississippi and Texas, and their coastal political subdivisions (CPS) an increase of 14.3 percent over the prior year."
archived,,137c91ed-c21a-419f-ba99-80c7d2fd5c7e,12:56.7,137c91ed-c21a-419f-ba99-80c7d2fd5c7e,,Interior Disburses $31.7 Million to Mississippi in FY18 Energy Revenues,4/25/2019,,,"<strong>Washington</strong>&mdash;Today, U.S. Department of the Interior (DOI) Secretary David Bernhardt announced that the Department will disburse more than $31.7 million to Mississippi and its coastal political subdivisions (CPS) on April 26, 2019."
archived,,137c91ed-c21a-419f-ba99-80c7d2fd5c7e,12:56.7,137c91ed-c21a-419f-ba99-80c7d2fd5c7e,,Interior Disburses $94.7 Million to Louisiana in FY18 Energy Revenues,4/25/2019,,,"<strong>Washington</strong>&mdash;Today, U.S. Department of the Interior (DOI) Secretary David Bernhardt announced that the Department will disburse more than $94.7 million to Louisiana and its coastal political subdivisions (CPS) on April 26, 2019."
archived,,137c91ed-c21a-419f-ba99-80c7d2fd5c7e,12:56.7,137c91ed-c21a-419f-ba99-80c7d2fd5c7e,,Interior Disburses $30.6 Million to Alabama in FY18 Energy Revenues,4/25/2019,,,"<strong>Washington</strong>&mdash;Today, U.S. Department of the Interior (DOI) Secretary David Bernhardt announced that the Department will disburse almost $30.6 million to Alabama and its coastal political subdivisions (CPS) on April 26, 2019."
archived,,137c91ed-c21a-419f-ba99-80c7d2fd5c7e,12:56.7,137c91ed-c21a-419f-ba99-80c7d2fd5c7e,,Interior Department Announces Second Consecutive Year of Growth in Energy Revenues as FY 2018 Disbursements Climb to $8.93 Billion,11/1/2018,,,<strong>Washington</strong>&mdash;U.S. Secretary of the Interior Ryan Zinke announced today that Interior's Office of Natural Resources Revenue (ONRR) disbursed $8.93 billion in Fiscal Year 2018 from energy production on federal and American Indian lands and offshore areas. That figure represents an increase of $1.82 billion over the previous year.
archived,,137c91ed-c21a-419f-ba99-80c7d2fd5c7e,12:56.7,137c91ed-c21a-419f-ba99-80c7d2fd5c7e,,Interior Issues $188 Million in Energy Revenues to Fund Conservation and Storm Prep,4/26/2018,,,"<strong>Washington</strong>&mdash;Today, U.S. Secretary of the Interior Ryan Zinke announced the Department will disburse almost $188 million to the four Gulf oil and gas producing states Alabama, Louisiana, Mississippi and Texas, and their coastal political subdivisions (CPS)."
archived,,137c91ed-c21a-419f-ba99-80c7d2fd5c7e,12:56.7,137c91ed-c21a-419f-ba99-80c7d2fd5c7e,,Wyoming Receives $669 Million in Interior Department Energy Disbursements in FY2017 Increase of $4.7 Million from Previous Year,11/30/2017,,,"<strong>Washington</strong>&mdash;U.S. Secretary of the Interior Ryan Zinke announced today that Wyoming's energy and minerals production disbursements, through the Interior Office of Natural Resources Revenue (ONRR), totaled $669,010,220.24 in Fiscal Year 2017 (FY 2017)."
archived,,137c91ed-c21a-419f-ba99-80c7d2fd5c7e,12:56.7,137c91ed-c21a-419f-ba99-80c7d2fd5c7e,,Utah Receives $73.5 Million in Interior Department Energy Disbursements in FY2017 Increase of $5.5 Million from Previous Year,11/30/2017,,,"<strong>Washington</strong>&mdash;U.S. Secretary of the Interior Ryan Zinke announced today that Utah's energy and minerals production disbursements, through the Interior Office of Natural Resources Revenue (ONRR), totaled $73,496,260.76 in Fiscal Year 2017 (FY 2017)."
archived,,137c91ed-c21a-419f-ba99-80c7d2fd5c7e,12:56.7,137c91ed-c21a-419f-ba99-80c7d2fd5c7e,,New Mexico Receives $455 Million in Interior Energy Disbursements in FY2017 an Increase of $86.5 Million from Previous Year,11/30/2017,,,"<strong>Washington</strong>&mdash;U.S. Secretary of the Interior Ryan Zinke announced today that New Mexico's energy production disbursements, through the Interior Office of Natural Resources Revenue (ONRR), totaled $455 million in Fiscal Year 2017 (FY 2017)."
archived,,137c91ed-c21a-419f-ba99-80c7d2fd5c7e,12:56.7,137c91ed-c21a-419f-ba99-80c7d2fd5c7e,,North Dakota Receives $39.9 Million in Interior Department Energy Disbursements in FY2017 Increase of $7.4 Million from Previous Year,11/30/2017,,,"<strong>Washington</strong>&mdash;U.S. Secretary of the Interior Ryan Zinke announced today that North Dakota's energy and minerals production disbursements, through the Interior Office of Natural Resources Revenue (ONRR), totaled $39,922,536.16 in Fiscal Year 2017 (FY 2017)."
archived,,137c91ed-c21a-419f-ba99-80c7d2fd5c7e,12:56.7,137c91ed-c21a-419f-ba99-80c7d2fd5c7e,,Montana Receives $24 Million in Interior Department Energy Disbursements in FY2017 Increase of $1.03 Million from Previous Year,11/30/2017,,,"<strong>Washington</strong>&mdash;U.S. Secretary of the Interior Ryan Zinke announced today that Montana's federal energy and minerals production disbursements, through the Interior Office of Natural Resources Revenue (ONRR), totaled $24,033,546 in Fiscal Year 2017 (FY 2017)."
archived,,137c91ed-c21a-419f-ba99-80c7d2fd5c7e,12:56.7,137c91ed-c21a-419f-ba99-80c7d2fd5c7e,,Louisiana Receives $8.6 Million in Interior Department Energy Disbursements in FY2017 Increase of $1.3 Million from Previous Year,11/30/2017,,,"<strong>Washington</strong>&mdash;U.S. Secretary of the Interior Ryan Zinke announced today that Louisiana's federal energy and minerals production disbursements, through the Interior Office of Natural Resources Revenue (ONRR), totaled $8,565,238 in Fiscal Year 2017 (FY 2017)."
archived,,137c91ed-c21a-419f-ba99-80c7d2fd5c7e,12:56.7,137c91ed-c21a-419f-ba99-80c7d2fd5c7e,,Colorado Receives $92 Million in Interior Department Energy Disbursements in FY2017 Increase of $8.1M from Previous Year,11/30/2017,,,"<strong>Washington</strong>&mdash;U.S. Secretary of the Interior Ryan Zinke announced today that Colorado's federal energy and minerals production disbursements, through the Interior Office of Natural Resources Revenue (ONRR), totaled $92,039,200 in Fiscal Year 2017 (FY 2017)."
archived,,137c91ed-c21a-419f-ba99-80c7d2fd5c7e,12:56.7,137c91ed-c21a-419f-ba99-80c7d2fd5c7e,,Interior Department FY2017 Energy Disbursements Grow by $1 Billion to $7.11B Under Trump,11/30/2017,,,"<strong>Washington</strong>&mdash;U.S. Secretary of the Interior Ryan Zinke announced today that Interior's Office of Natural Resources Revenue (ONRR) disbursements from energy production on Federal and American Indian lands and offshore areas totaled $7.11 billion in Fiscal Year 2017, an increase of nearly $1 billion over the previous year. [Visit the NRRD Website](https://revenuedata.doi.gov/explore/?dataType=Revenue&location=NF%2CNA&mapLevel=State&offshoreRegions=false&period=Calendar%20Year&year=2020)"
archived,,137c91ed-c21a-419f-ba99-80c7d2fd5c7e,12:56.7,137c91ed-c21a-419f-ba99-80c7d2fd5c7e,,States Earn Nearly $1.32 Billion in Federal Mineral Receipts,11/25/2016,,,"<strong>Washington</strong>&mdash;The Department of the Interior's Office of Natural Resources Revenue (ONRR) announced today that nearly $1.32 billion was disbursed to 37 states, as well as counties and political subdivisions as part of the State share of Federal revenues collected in Fiscal Year 2016 from energy and solid mineral production that occurred on Federal lands within their borders and offshore on the Outer Continental Shelf."
archived,,137c91ed-c21a-419f-ba99-80c7d2fd5c7e,12:56.7,137c91ed-c21a-419f-ba99-80c7d2fd5c7e,,Interior Department Disburses $6.23 Billion in FY 2016 Energy Revenues,11/25/2016,,,<strong>Washington</strong>&mdash;The U.S. Department of the Interior's Office of Natural Resources Revenue (ONRR) announced today that disbursements from energy production on federal and American Indian lands and offshore areas totaled $6.23 billion in Fiscal Year 2016.
archived,,137c91ed-c21a-419f-ba99-80c7d2fd5c7e,12:56.7,137c91ed-c21a-419f-ba99-80c7d2fd5c7e,,Mountain Hawk Energy LLC Assessed Civil Penalty,11/18/2016,,,"<strong>Denver</strong>&mdash;The Department of the Interior's Office of Natural Resources Revenue (ONRR) announced today that it has issued a civil penalty of $27,776 to Mountain Hawk Energy, LLC."
archived,,137c91ed-c21a-419f-ba99-80c7d2fd5c7e,12:56.7,137c91ed-c21a-419f-ba99-80c7d2fd5c7e,,Wooldridge Production Company Assessed Civil Penalty,10/7/2016,,,"<strong>Denver</strong>&mdash;The Department of the Interior's Office of Natural Resources Revenue (ONRR) announced today that it assessed a $50,976 civil penalty to Wooldridge Production Company for failure to submit production reports as required by ONRR regulations and a Notice of Noncompliance (NONC)."
archived,,137c91ed-c21a-419f-ba99-80c7d2fd5c7e,12:56.7,137c91ed-c21a-419f-ba99-80c7d2fd5c7e,,ONRR Announces Final Civil Penalty Regulations,7/29/2016,,,"<strong>Washington</strong>&mdash;As part of the overall effort to modernize the Nation's energy regulations, on Monday, August 1, the Department of the Interior's Office of Natural Resources Revenue (ONRR) will release final regulations to amend its civil penalty regulations, which have not been updated since May 1999. Since that time, legislation, legal decisions, and recommendations from oversight entities have driven the need to modernize and improve the effectiveness of ONRR's civil penalty authority."
archived,,137c91ed-c21a-419f-ba99-80c7d2fd5c7e,12:56.7,137c91ed-c21a-419f-ba99-80c7d2fd5c7e,,Salt Creek Oil LLC Assessed Civil Penalty,7/6/2016,,,"<strong>Denver</strong>&mdash;The Department of the Interior's Office of Natural Resources Revenue (ONRR) announced today that it has issued a civil penalty of $72,076 to Salt Creek Oil, LLC."
archived,,137c91ed-c21a-419f-ba99-80c7d2fd5c7e,12:56.7,137c91ed-c21a-419f-ba99-80c7d2fd5c7e,,Interior Department Announces Final Regulations To Ensure American Public Receives Every Dollar Due for Production of Oil Gas and Coal on Public Lands,6/30/2016,,,"<strong>Washington</strong>&mdash;As part of the overall effort to modernize the Nation's energy regulations and move toward a clean energy economy, the U.S. Department of the Interior today released final regulations that will improve valuation and revenue collection for the country s mineral resources, ensuring Americans receive every dollar due for production of those resources on public lands and waters."
archived,,137c91ed-c21a-419f-ba99-80c7d2fd5c7e,12:56.7,137c91ed-c21a-419f-ba99-80c7d2fd5c7e,,Mountain Hawk Energy LLC Assessed Civil Penalty,6/29/2016,,,"<strong>Denver</strong>&mdash;The Department of the Interior's Office of Natural Resources Revenue (ONRR) announced today that it has issued a civil penalty of $107,256 to Mountain Hawk Energy, LLC."
archived,,137c91ed-c21a-419f-ba99-80c7d2fd5c7e,12:56.7,137c91ed-c21a-419f-ba99-80c7d2fd5c7e,,Brown Farm Oil Assessed $14560 Civil Penalty,5/5/2016,,,"<strong>Denver</strong>&mdash;The Department of the Interior's Office of Natural Resources Revenue (ONRR) announced today that it has issued a civil penalty of $14,560 Brown Farm Oil (Brown Farm) the week of April 20, 2016."
archived,,137c91ed-c21a-419f-ba99-80c7d2fd5c7e,12:56.7,137c91ed-c21a-419f-ba99-80c7d2fd5c7e,,Columbia Production Company Assessed Civil Penalty,5/5/2016,,,"<strong>Denver</strong>&mdash;The Department of the Interior's Office of Natural Resources Revenue (ONRR) announced today that it has issued a civil penalty of $5,504 to Columbia Production Company (Columbia Production)."
archived,,137c91ed-c21a-419f-ba99-80c7d2fd5c7e,12:56.7,137c91ed-c21a-419f-ba99-80c7d2fd5c7e,,U.S. Extractive Industries Transparency Initiative To Host Public Outreach Webinar for 2015 Report,4/26/2016,,,"<strong>Washington</strong>&mdash;On Tuesday, May 3, 2016, The U.S. Extractive Industries Transparency Initiative (USEITI) will hold an outreach webinar on its 2015 report, which identifies payments to government entities by companies engaged in natural resource extraction."
archived,,137c91ed-c21a-419f-ba99-80c7d2fd5c7e,12:56.7,137c91ed-c21a-419f-ba99-80c7d2fd5c7e,,Quinex Energy Assessed $1.6 Million Civil Penalty,2/25/2016,,,"<strong>Denver</strong>&mdash;The Department of the Interior's Office of Natural Resources Revenue (ONRR) announced today that it assessed a $1,658,075 civil penalty against Quinex Energy Corporation (Quinex) for its knowing or willful maintenance of inaccurate sales and royalty information for several American Indian leases in Utah."
archived,,137c91ed-c21a-419f-ba99-80c7d2fd5c7e,12:56.7,137c91ed-c21a-419f-ba99-80c7d2fd5c7e,,ONRR Announces Final Regulation to Implement the Gulf of Mexico Energy Security Act of 2006,12/29/2015,,,"<strong>Washington</strong>&mdash;The U.S. Department of the Interior's Office of Natural Resources Revenue (ONRR) issued a final regulation on the distribution and disbursement of qualified revenues from certain leases on the Gulf of Mexico s Outer Continental Shelf (OCS), in accordance with provisions contained in the Gulf of Mexico Energy Security Act of 2006 (GOMESA). In accordance with GOMESA Phase II, ONRR will annually disburse up to $375 million to Gulf States and their eligible coastal political subdivisions and up to $125 million to the stateside Land and Water Conservation Fund (LWCF)."
archived,,137c91ed-c21a-419f-ba99-80c7d2fd5c7e,12:56.7,137c91ed-c21a-419f-ba99-80c7d2fd5c7e,,Summary of ONRR Fiscal Year 2015 Disbursements Department of the Interior Office of Natural Resources Revenue ,11/25/2015,,,No description available.
archived,,137c91ed-c21a-419f-ba99-80c7d2fd5c7e,12:56.7,137c91ed-c21a-419f-ba99-80c7d2fd5c7e,,Interior Department Disburses $9.87 Billion in FY 2015 Energy Revenues Federal Revenues Support State Tribal National Needs,11/25/2015,,,<strong>Washington</strong>&mdash;The U.S. Department of the Interior's Office of Natural Resources Revenue (ONRR) announced today that disbursements from energy production on federal and American Indian lands and offshore areas totaled $9.87 billion in Fiscal Year 2015.
archived,,137c91ed-c21a-419f-ba99-80c7d2fd5c7e,12:56.7,137c91ed-c21a-419f-ba99-80c7d2fd5c7e,,States Earn More Than $1.84 Billion in Federal Mineral Receipts,11/25/2015,,,"<strong>Denver</strong>&mdash;The Department of the Interior's Office of Natural Resources Revenue (ONRR) announced today that more than $1.84 billion was disbursed to 37 states, counties and political subdivisions as part of the state share of Federal revenues collected in Fiscal Year 2015 from energy and mineral production that occurred on Federal lands within their borders and offshore on the Outer Continental Shelf."
archived,,137c91ed-c21a-419f-ba99-80c7d2fd5c7e,12:56.7,137c91ed-c21a-419f-ba99-80c7d2fd5c7e,,ONRR Assesses $54269 Civil Penalty to Wasatch Oil and Gas Company Cited for Failure to Pay Gas Royalties to Southern Ute Tribe ,11/23/2015,,,"<strong>Denver</strong>&mdash;The Department of the Interior's Office of Natural Resources Revenue (ONRR) announced today that it assessed Wasatch Oil and Gas, LLC a civil penalty of $54,269.25 for its knowing or willful failure to pay gas royalties to the Southern Ute Indian Tribe."
archived,,137c91ed-c21a-419f-ba99-80c7d2fd5c7e,12:56.7,137c91ed-c21a-419f-ba99-80c7d2fd5c7e,,ONRR Issues $2.1 Million Civil Penalty to Chesapeake Energy Company Cited for Maintaining Inaccurate Information in Royalty Reports ,10/19/2015,,,"<strong>Denver</strong>&mdash;The Department of the Interior's Office of Natural Resources Revenue (ONRR) announced today that it assessed a $2,118,900 civil penalty against Chesapeake Energy Corporation. Chesapeake failed to comply with an October 2011 Order, which found repeated, systemic errors in Chesapeake's monthly reporting of the amount of gas it produced and sold from Indian leases, directly affecting ONRR's ability to fulfill its regulatory obligation to collect every dollar due."
archived,,137c91ed-c21a-419f-ba99-80c7d2fd5c7e,12:56.7,137c91ed-c21a-419f-ba99-80c7d2fd5c7e,,Benson-Montin-Greer Assessed Three Civil Penalties Drilling Corporation Ordered to Pay $45960 for Separate Violations ,9/25/2015,,,"<strong>Denver</strong>&mdash;The Department of the Interior's Office of Natural Resources Revenue (ONRR) announced today that it assessed three separate civil penalties totaling $45,960 against Benson-Montin-Greer Drilling Corporation (BMG) for failure to comply with Notices of Noncompliance (NONCs) and failures to comply with orders to report and pay additional royalties on American Indian leases in New Mexico."
archived,,137c91ed-c21a-419f-ba99-80c7d2fd5c7e,12:56.7,137c91ed-c21a-419f-ba99-80c7d2fd5c7e,,Oasis Petroleum Assessed $72438 Civil Penalty ONRR Cites Company for Failure to Make Royalty Payments ,9/15/2015,,,"<strong>Denver</strong>&mdash;The Department of the Interior's Office of Natural Resources Revenue (ONRR) announced today that it assessed a $72,438 civil penalty against Oasis Petroleum North America, LLC (Oasis) for failure to make royalty payments on production from an American Indian lease in the Fort Berthold Reservation in North Dakota."
archived,,137c91ed-c21a-419f-ba99-80c7d2fd5c7e,12:56.7,137c91ed-c21a-419f-ba99-80c7d2fd5c7e,,Court Judgment Cancels Coal Lease for Utah Mine,9/15/2015,,,"<strong>Salt Lake City</strong>&mdash;U.S. District Court Judge Dale A. Kimball has signed a judgment and order against a Utah coal mining company that cancels its federal coal lease and orders the company to pay more than $230,000 for past-due royalties and rental payments, United States Attorney John W. Huber announced today."
archived,,137c91ed-c21a-419f-ba99-80c7d2fd5c7e,12:56.7,137c91ed-c21a-419f-ba99-80c7d2fd5c7e,,ONRR Publishes Indian Oil Index Based Major Portion Prices,8/12/2015,,,"<strong>Denver</strong>&mdash;The Department of the Interior's Office of Natural Resources Revenue (ONRR) today published the July 2015 Index Based Major Portion (IBMP) prices for Indian oil, representing the first month that such prices are being made available to energy companies producing on American Indian lands."
archived,,137c91ed-c21a-419f-ba99-80c7d2fd5c7e,12:56.7,137c91ed-c21a-419f-ba99-80c7d2fd5c7e,,ONRR Issues $6.9 Million Civil Penalty to High Plains Gas Company cited for failure to submit production reports ,7/6/2015,,,"<strong>Denver</strong>&mdash;The Department of the Interior's Office of Natural Resources Revenue (ONRR) announced today that it assessed a $6,901,440 civil penalty to High Plains Gas, Inc. for failure to submit production reports as required by ONRR regulations and a Notice of Noncompliance (NONC)."
archived,,137c91ed-c21a-419f-ba99-80c7d2fd5c7e,12:56.7,137c91ed-c21a-419f-ba99-80c7d2fd5c7e,,Reed Power Tongs Assessed $32708 Civil Penalty ONRR cites company for failure to report production,6/18/2015,,,"<strong>Denver</strong>&mdash;The Department of the Interior's Office of Natural Resources Revenue (ONRR) announced today that it assessed a $32,708 civil penalty to Reed Power Tongs (Reed) for failure to report production as required by ONRR regulations and a Notice of Noncompliance (NONC)."
archived,,137c91ed-c21a-419f-ba99-80c7d2fd5c7e,12:56.7,137c91ed-c21a-419f-ba99-80c7d2fd5c7e,,Patriot Energy Resources Assessed $306052 Civil Penalty,5/13/2015,,,"<strong>Denver</strong>&mdash;The Department of the Interior's Office of Natural Resources Revenue (ONRR) announced today that it assessed a $306,052 civil penalty to Patriot Energy Resources, LLC for failure to submit production reports as required by ONRR regulations and a Notice of Noncompliance (NONC)."
archived,,137c91ed-c21a-419f-ba99-80c7d2fd5c7e,12:56.7,137c91ed-c21a-419f-ba99-80c7d2fd5c7e,,Interior�s ONRR Recognizes Navajo Nation State of New Mexico for Superior Performance,5/6/2015,,,<strong>Denver</strong>&mdash;The Department of the Interior's Office of Natural Resources Revenue (ONRR) today recognized the Navajo Nation and the State of New Mexico for their superior performance and significant contributions to ONRR's mission.
archived,,137c91ed-c21a-419f-ba99-80c7d2fd5c7e,12:56.7,137c91ed-c21a-419f-ba99-80c7d2fd5c7e,,ONRR Issues $244216 Civil Penalty to G-R Contracting,5/4/2015,,,"<strong>Denver</strong>&mdash;The Department of the Interior's Office of Natural Resources Revenue (ONRR) announced today that it assessed a $244,216 civil penalty to G-R Contracting, Inc. for failure to submit production reports as required by ONRR regulations and a Notice of Noncompliance (NONC)."
archived,,137c91ed-c21a-419f-ba99-80c7d2fd5c7e,12:56.7,137c91ed-c21a-419f-ba99-80c7d2fd5c7e,,Interior Finalizes Effort to Improve Fairness Clarity for the Valuation of Oil Produced on American Indian Lands,4/30/2015,,,"<strong>Washington</strong>&mdash;Advancing President Obama's ongoing commitment to work with tribal leaders to build strong economies, Secretary of the Interior Sally Jewell today released final regulations that will ensure tribal communities receive all the royalties they are owed from oil production on their lands, reduce administrative costs and provide greater predictability to the oil industry."
archived,,137c91ed-c21a-419f-ba99-80c7d2fd5c7e,12:56.7,137c91ed-c21a-419f-ba99-80c7d2fd5c7e,,UNITED STATES ATTORNEY�S OFFICE FOR THE DISTRICT OF COLORADO RECOVERS OVER $66000 RESOLVING ALLEGATIONS THAT SLAWSON EXPLORATION COMPANY VIOLATED THE FALSE CLAIMS ACT,4/10/2015,,,"John Walsh, United States Attorney for the District of Colorado, today announced the recovery of more than $66,000 to settle allegations that Slawson Exploration Company violated the Federal False Claims Act by failing to properly value gas produced from Indian leases and pay royalties to the Department of the Interior's Office of Natural Resources Revenue (ONRR)."
archived,,137c91ed-c21a-419f-ba99-80c7d2fd5c7e,12:56.7,137c91ed-c21a-419f-ba99-80c7d2fd5c7e,,Interior Department Missoula Indian Center Hosting Meeting to Assist Tribal Land Owners,4/1/2015,,,"The U.S. Department of the Interior, in conjunction with the Missoula Indian Center, has scheduled a Tribal Trust Land Forum for individual American Indian land owners on Thursday, April 16, 2015, at the University of Montana in Missoula, Montana."
archived,,137c91ed-c21a-419f-ba99-80c7d2fd5c7e,12:56.7,137c91ed-c21a-419f-ba99-80c7d2fd5c7e,,ONRR Issues Three Civil Penalties Totaling $77352,3/25/2015,,,"<strong>Denver</strong>&mdash;The Department of the Interior's Office of Natural Resources Revenue (ONRR) announced today that it assessed three civil penalties totaling $77,352 to three companies for failure to submit royalty or production reports as required by ONRR regulations and Notices of Noncompliance (NONC)."
archived,,137c91ed-c21a-419f-ba99-80c7d2fd5c7e,12:56.7,137c91ed-c21a-419f-ba99-80c7d2fd5c7e,,ONRR Issues $1.3 Million Civil Penalty to XTO Energy,2/18/2015,,,"<strong>Denver</strong>&mdash;The Department of the Interior's Office of Natural Resources Revenue (ONRR) announced today that it assessed a $1,334,000 civil penalty to XTO Energy, Inc. for knowing or willful failure to permit an audit involving several communitization agreements in North Dakota."
archived,,137c91ed-c21a-419f-ba99-80c7d2fd5c7e,12:56.7,137c91ed-c21a-419f-ba99-80c7d2fd5c7e,,ONRR Issues $330050 Civil Penalty to Gulfsands Petroleum,2/11/2015,,,"<strong>Denver</strong>&mdash;The Department of the Interior's Office of Natural Resources Revenue (ONRR) announced today that it assessed a $330,050 civil penalty to Gulfsands Petroleum USA, Inc. for knowing or willful maintenance of inaccurate royalty reports."
archived,,137c91ed-c21a-419f-ba99-80c7d2fd5c7e,12:56.7,137c91ed-c21a-419f-ba99-80c7d2fd5c7e,,ONRR Streamlines Online Rental Payments,2/5/2015,,,<strong>Denver</strong>&mdash;The Department of the Interior's Office of Natural Resources Revenue (ONRR) today announced a new reporting tab on its eCommerce Reporting website to facilitate timely rental payments on non-producing leases.
archived,,137c91ed-c21a-419f-ba99-80c7d2fd5c7e,12:56.7,137c91ed-c21a-419f-ba99-80c7d2fd5c7e,,Interior Department Announces Initial Steps to Strengthen Federal Energy Valuation Rules Expand Guidance on Federal Coal Program,12/19/2014,,,"<strong>Washington</strong>&mdash;The Department of the Interior today announced the release of a draft proposed federal regulation by the Office of Natural Resources Revenue (ONRR) governing the valuation of federal oil and gas, and federal and American Indian coal resources, as well as expanded guidance on the production of coal on public lands issued by the Bureau of Land Management (BLM)."
archived,,137c91ed-c21a-419f-ba99-80c7d2fd5c7e,12:56.7,137c91ed-c21a-419f-ba99-80c7d2fd5c7e,,Interior Launches Pilot Data Portal Offering Increased Transparency for Energy Royalty Revenue,12/11/2014,,,<strong>Washington</strong>&mdash;The U.S. Department of the Interior today launched a new data portal that raises the bar on transparency of natural resource revenue by offering the public a one-stop shop to access revenues paid for developing energy and mineral resources on public lands and waters at the company and commodity level for the first time.
archived,,137c91ed-c21a-419f-ba99-80c7d2fd5c7e,12:56.7,137c91ed-c21a-419f-ba99-80c7d2fd5c7e,,Interior Department to Launch New Data Portal Raising the Bar on Royalty Revenue Transparency,12/9/2014,,,"<strong>Washington</strong>&mdash;The U.S. Department of the Interior on Thursday will launch a new data portal as part of the U.S. Extractive Industries Transparency Initiative (USEITI) that will offer an unprecedented level of transparency in royalty revenue. The new data portal will be launched at a U.S. Multi-Stakeholder Group public meeting on Thursday, December 11, 2014, in Washington, D.C."
archived,,137c91ed-c21a-419f-ba99-80c7d2fd5c7e,12:56.7,137c91ed-c21a-419f-ba99-80c7d2fd5c7e,,Interior Disburses $13.4 Billion in FY14 Energy Revenues to Benefit Federal State Local and Tribal Governments,12/2/2014,,,"<strong>Washington</strong>&mdash;Secretary of the Interior Sally Jewell today announced that the Department of the Interior disbursed more than $13.4 billion in revenue generated by energy production on Federal and American Indian lands and offshore areas in Fiscal Year 2014, with increases in state and Indian Country revenues over the prior year."
archived,,137c91ed-c21a-419f-ba99-80c7d2fd5c7e,12:56.7,137c91ed-c21a-419f-ba99-80c7d2fd5c7e,,States earn more than $2.2 billion in Federal mineral receipts,12/2/2014,,,"<strong>Denver</strong>&mdash;The Department of the Interior's Office of Natural Resources Revenue (ONRR) announced today that more than $2.2 billion was disbursed to 36 states, counties and political subdivisions as part of the state share of Federal revenues collected in Fiscal Year 2014 from energy and mineral production that occurred on Federal lands within their borders, and offshore on the Outer Continental Shelf."
archived,,137c91ed-c21a-419f-ba99-80c7d2fd5c7e,12:56.7,137c91ed-c21a-419f-ba99-80c7d2fd5c7e,,Summary of ONRR Fiscal Year 2014 Disbursements,12/2/2014,,,<strong>Denver</strong>&mdash;Summary of ONRR Fiscal Year 2014 Disbursements
archived,,137c91ed-c21a-419f-ba99-80c7d2fd5c7e,12:56.7,137c91ed-c21a-419f-ba99-80c7d2fd5c7e,,ONRR Issues $46772 Civil Penalty to Jack J. Grynberg - Penalty cites company for failure to report production ,11/6/2014,,,"<strong>Denver</strong>&mdash;The Department of the Interior's Office of Natural Resources Revenue (ONRR) announced today that it assessed a $46,772 civil penalty to Jack J. Grynberg (Grynberg) for failure to report production on Federal leases in Wyoming, Colorado and New Mexico."
archived,,137c91ed-c21a-419f-ba99-80c7d2fd5c7e,12:56.7,137c91ed-c21a-419f-ba99-80c7d2fd5c7e,,ONRR Issues $3.4 Million Civil Penalty to High Plains Gas Inc.,10/6/2014,,,"<strong>Denver</strong>&mdash;The Department of the Interior's Office of Natural Resources Revenue (ONRR) announced today that it assessed a $3,362,432 civil penalty to High Plains Gas, Inc. for failure to report production on Federal leases in Wyoming."
archived,,137c91ed-c21a-419f-ba99-80c7d2fd5c7e,12:56.7,137c91ed-c21a-419f-ba99-80c7d2fd5c7e,,ONRR Adds Video Training Courses for Industry Reporters,9/18/2014,,,<strong>Denver</strong>&mdash;The Department of the Interior's Office of Natural Resources Revenue (ONRR) announced today that it is now offering reporter training video courses on-line for energy industry employees who report electronically to ONRR.
archived,,137c91ed-c21a-419f-ba99-80c7d2fd5c7e,12:56.7,137c91ed-c21a-419f-ba99-80c7d2fd5c7e,,ONRR Issues $206400 Civil Penalty to Tandem Energy,9/8/2014,,,"<strong>Denver</strong>&mdash;The Department of the Interior's Office of Natural Resources Revenue (ONRR) announced today that it assessed a $206,400 civil penalty to Tandem Energy Corp. for failure to report production on federal leases."
archived,,137c91ed-c21a-419f-ba99-80c7d2fd5c7e,12:56.7,137c91ed-c21a-419f-ba99-80c7d2fd5c7e,,USEITI Multi-Stakeholder Group to Meet Sept. 9-10,9/4/2014,,,"<strong>Washington</strong>&mdash;The Department of the Interior's Office of Natural Resources Revenue (ONRR) announced today that the U.S. Extractive Industries Transparency Initiative (USEITI) Multi-Stakeholder Group (MSG) will hold a public meeting September 9-10 in Washington, DC."
archived,,137c91ed-c21a-419f-ba99-80c7d2fd5c7e,12:56.7,137c91ed-c21a-419f-ba99-80c7d2fd5c7e,,Interior Announces Improved Valuation Method for Oil Produced on American Indian Lands - Comment Sought on Rule that Would Boost Royaltiesto Indian Country by $20 Million a Year ,6/18/2014,,,"<strong>Washington</strong>&mdash;Following President Obama's historic visit to Indian Country last week where he underscored his commitment to work with tribal leaders to build strong, resilient economies, Secretary of the Interior Sally Jewell announced today that the Department is proposing a set of common sense regulations for valuing oil produced on American Indian leases."
archived,,137c91ed-c21a-419f-ba99-80c7d2fd5c7e,12:56.7,137c91ed-c21a-419f-ba99-80c7d2fd5c7e,,ONRR Issues $533520 Civil Penalty to CEP M Purchase - Company cited for failure to report production,6/12/2014,,,"<strong>Denver</strong>&mdash;The Department of the Interior's Office of Natural Resources Revenue (ONRR) announced today that it assessed a $533,520 civil penalty to CEP M Purchase, LLC, (CEP) for failure to report production on federal leases."
archived,,137c91ed-c21a-419f-ba99-80c7d2fd5c7e,12:56.7,137c91ed-c21a-419f-ba99-80c7d2fd5c7e,,ONRR Issues $81952 Civil Penalty to Finley Resources - Company cited for failure to report production ,5/23/2014,,,"<strong>Denver</strong>&mdash;The Department of the Interior's Office of Natural Resources Revenue (ONRR) announced today that it assessed Finley Resources, Inc., an $81,952 civil penalty for failure to submit production reports."
archived,,137c91ed-c21a-419f-ba99-80c7d2fd5c7e,12:56.7,137c91ed-c21a-419f-ba99-80c7d2fd5c7e,,ONRR Issues $717136 Civil Penalty to C.F.M. Oil Company - Company cited for failure to report production ,4/8/2014,,,"<strong>Denver</strong>&mdash;The Department of the Interior's Office of Natural Resources Revenue (ONRR) announced today that it assessed Louis Fulton, doing business as C.F.M. Oil Company (C.F.M.), a $717,136 civil penalty for failure to submit production reports."
archived,,137c91ed-c21a-419f-ba99-80c7d2fd5c7e,12:56.7,137c91ed-c21a-419f-ba99-80c7d2fd5c7e,,ONRR Issues $2.3 million Civil Penalty to W&T Offshore,4/3/2014,,,"<strong>Denver</strong>&mdash;The Department of the Interior's Office of Natural Resources Revenue (ONRR) announced today that it has assessed W&T Offshore, Inc., a $2,333,000 civil penalty for ""knowing or willful submission"" of false or inaccurate royalty reports."
archived,,137c91ed-c21a-419f-ba99-80c7d2fd5c7e,12:56.7,137c91ed-c21a-419f-ba99-80c7d2fd5c7e,,ONRR Issues $227584 Civil Penalty to Yeso Energy - Company cited for failure to submit production reports ,3/31/2014,,,"<strong>Denver</strong>&mdash;The Department of the Interior's Office of Natural Resources Revenue (ONRR) announced today that it has assessed Yeso Energy Incorporated (Yeso Energy) a $227,584 civil penalty for failure to submit production reports required by a Notice of Noncompliance (NONC)."
archived,,137c91ed-c21a-419f-ba99-80c7d2fd5c7e,12:56.7,137c91ed-c21a-419f-ba99-80c7d2fd5c7e,,ONRR Issues Two Civil Penalties to Matrix Production - Penalties total $204362 for failure to submit production reports,3/28/2014,,,"<strong>Denver</strong>&mdash;The Department of the Interior's Office of Natural Resources Revenue (ONRR) announced today that it has assessed Matrix Production Company (Matrix) two civil penalties totaling $204,362 for failure to timely submit production reports."
archived,,137c91ed-c21a-419f-ba99-80c7d2fd5c7e,12:56.7,137c91ed-c21a-419f-ba99-80c7d2fd5c7e,,ONRR Begins Implementation to Increase Gulf States� Share of Oil and Gas Revenues from Federal Waters,3/27/2014,,,"<strong>Washington</strong>&mdash;In accordance with provisions of the Gulf of Mexico Energy Security Act of 2006 (GOMESA), the Department of the Interior's Office of Natural Resources Revenue (ONRR) is publishing a proposed rule in the Federal Register that would expand the number of oil and gas leases in federal waters of the Gulf of Mexico subject to revenue-sharing provisions."
archived,,137c91ed-c21a-419f-ba99-80c7d2fd5c7e,12:56.7,137c91ed-c21a-419f-ba99-80c7d2fd5c7e,,Extractive Industries Transparency Initiative Board Approves U.S. Candidacy Application,3/19/2014,,,"<strong>Denver</strong>&mdash;The United States has officially joined a global effort to increase transparency and strengthen public trust in the governance of natural resource revenues, Secretary of the Interior Secretary Sally Jewell announced today. The U.S. application for candidacy in the Extractive Industries Transparency Initiative (EITI) was approved by the EITI Board at its March 18-19 meeting in Oslo, Norway."
archived,,137c91ed-c21a-419f-ba99-80c7d2fd5c7e,12:56.7,137c91ed-c21a-419f-ba99-80c7d2fd5c7e,,ONRR Issues $428400 Civil Penalty to Chesapeake Energy,2/26/2014,,,"<strong>Denver</strong>&mdash;The Department of the Interior's Office of Natural Resources Revenue (ONRR) announced today that it has assessed Chesapeake Energy Company a $428,400 civil penalty for knowing or willful submission of inaccurate royalty reports."
archived,,137c91ed-c21a-419f-ba99-80c7d2fd5c7e,12:56.7,137c91ed-c21a-419f-ba99-80c7d2fd5c7e,,BLM Colorado announces state office leadership changes,1/22/2014,,,"Lakewood--BLM Colorado Associate State Director and Acting State Director John Mehlhoff has accepted the position of Program Director of Coordination, Enforcement, Valuation and Appeals with the Office of Natural Resources Revenue (ONRR). Mehlhoff will assume his new position in early February."
archived,,137c91ed-c21a-419f-ba99-80c7d2fd5c7e,12:56.7,137c91ed-c21a-419f-ba99-80c7d2fd5c7e,,Oil company settles allegations that it knowingly avoided paying federal royalties for several years,1/8/2014,,,"<strong>Denver</strong>&mdash;Big Sandy Oil Company, solely owned by James E. Cochran, has agreed to pay the United States $73,500, plus interest, to settle allegations that it violated the False Claims Act by knowingly failing to pay oil revenues Big Sandy owed to the United States."
archived,,137c91ed-c21a-419f-ba99-80c7d2fd5c7e,12:56.7,137c91ed-c21a-419f-ba99-80c7d2fd5c7e,,Interior Department Disbursed $14.2 Billion in 2013 Energy Revenues to Benefit Federal State Local and Tribal Governments,11/19/2013,,,"<strong>Washington</strong>&mdash;As part of President Obama's all-of-the-above energy strategy to continue to expand safe and responsible domestic energy production, Secretary of the Interior Sally Jewell today announced that the Department of the Interior collected and disbursed more than $14.2 billion in revenue generated by energy production on public lands and offshore waters in Fiscal Year 2013 a $2 billion or 17% increase over the previous year."
archived,,137c91ed-c21a-419f-ba99-80c7d2fd5c7e,12:56.7,137c91ed-c21a-419f-ba99-80c7d2fd5c7e,,States earn more than $2 billion in Federal mineral receipts,11/19/2013,,,"<strong>Denver</strong>&mdash;The Department of the Interior's Office of Natural Resources Revenue (ONRR) announced today that more than $2 billion was disbursed to 35 states, counties and political subdivisions as part of the state share of Federal revenues collected in Fiscal Year 2013 from energy and mineral production that occurred on Federal lands within their borders, and offshore on the Outer Continental Shelf."
archived,,137c91ed-c21a-419f-ba99-80c7d2fd5c7e,12:56.7,137c91ed-c21a-419f-ba99-80c7d2fd5c7e,,Summary of ONRR Fiscal Year 2013 Disbursements,11/19/2013,,,No description available.
archived,,137c91ed-c21a-419f-ba99-80c7d2fd5c7e,12:56.7,137c91ed-c21a-419f-ba99-80c7d2fd5c7e,,ONRR Issues $526800 Civil Penalty to MitEnergy Upstream � Levied for �Knowing or Willful� Failure to Permit Audit ,11/13/2013,,,"<strong>Denver</strong>&mdash;The Department of the Interior's Office of Natural Resources Revenue (ONRR) announced today that it has assessed MitEnergy Upstream LLC a $526,800 civil penalty for knowing or willful failure to provide audit information."
archived,,137c91ed-c21a-419f-ba99-80c7d2fd5c7e,12:56.7,137c91ed-c21a-419f-ba99-80c7d2fd5c7e,,Indian Mineral Owners Invited to Consult on Oil Pricing � Meeting scheduled October 29 in New Town ND ,10/22/2013,,,"<strong>Denver</strong>&mdash;The Department of the Interior's Office of Natural Resources Revenue (ONRR) will host a meeting Tuesday, Oct. 29, in New Town, ND, to solicit comments from individual American Indian mineral owners and Tribal representatives on a recommendation for calculating major portion pricing for oil produced on Indian leases."
archived,,137c91ed-c21a-419f-ba99-80c7d2fd5c7e,12:56.7,137c91ed-c21a-419f-ba99-80c7d2fd5c7e,,ONRR Issues $648000 Civil Penalty to XTO Energy for �Knowing or Willful� Failure to Permit an Audit ,10/22/2013,,,"<strong>Denver</strong>&mdash;The Department of the Interior's Office of Natural Resources Revenue (ONRR) announced today that it has assessed XTO Energy a $648,000 civil penalty for knowing or willful failure to permit an audit."
archived,,137c91ed-c21a-419f-ba99-80c7d2fd5c7e,12:56.7,137c91ed-c21a-419f-ba99-80c7d2fd5c7e,,ONRR Issues $2.7 million Civil Penalty to Apache Corp.,10/21/2013,,,"<strong>Denver</strong>&mdash;The Department of the Interior's Office of Natural Resources Revenue (ONRR) announced today that it has assessed Apache Corporation a $2,719,000 civil penalty for ""knowing or willful"" submission of false information."
archived,,137c91ed-c21a-419f-ba99-80c7d2fd5c7e,12:56.7,137c91ed-c21a-419f-ba99-80c7d2fd5c7e,,U.S. Extractive Industries Transparency Initiative Seeking Public Input on Candidacy Application,10/21/2013,,,"<strong>Washington</strong>&mdash;On behalf of the U.S. Extractive Industries Transparency Initiative (USEITI) Advisory Committee, the Department of the Interior (DOI) is seeking public comment on the USEITI Candidacy Application through a series of public outreach sessions scheduled across the nation. The schedule for the remaining public outreach sessions includes Oct. 22 at Office of Natural Resources Revenue, 6th and Kipling Street, Denver Federal Center, Building 85 Auditorium, Denver, Colorado from 4 to 7 p.m."
archived,,137c91ed-c21a-419f-ba99-80c7d2fd5c7e,12:56.7,137c91ed-c21a-419f-ba99-80c7d2fd5c7e,,ONRR Issues $23400 Civil Penalty to Linde Inc.,9/16/2013,,,"<strong>Denver</strong>&mdash;The Department of the Interior's Office of Natural Resources Revenue (ONRR) announced today that it has assessed Linde, Inc. a $23,400 civil penalty for failure to submit royalty reports for multiple months on multiple Federal leases in Colorado."
archived,,137c91ed-c21a-419f-ba99-80c7d2fd5c7e,12:56.7,137c91ed-c21a-419f-ba99-80c7d2fd5c7e,,ONRR Issues $113200 Civil Penalty to Lyon Oil Company for Failure to File Production Reports,8/29/2013,,,"<strong>Denver</strong>&mdash;The Department of the Interior's Office of Natural Resources Revenue (ONRR) announced today that it has assessed Lyon Oil Company a $113,200 civil penalty for failure to file production reports specified in a February 2011 Notice of Noncompliance (NONC)."
archived,,137c91ed-c21a-419f-ba99-80c7d2fd5c7e,12:56.7,137c91ed-c21a-419f-ba99-80c7d2fd5c7e,,ONRR Issues Two Civil Penalties to Quinex Energy - Company Assessed $2.2 Million for 'Knowing or Willful' Maintenance of False Inaccurate Royalty Information,8/19/2013,,,"<strong>Denver</strong>&mdash;The Department of the Interior's Office of Natural Resources Revenue (ONRR) announced today that it has assessed Quinex Energy Corporation two civil penalties totaling $2,226,550 for knowing or willful maintenance of false, inaccurate, or misleading royalty information in ONRR's Financial System."
archived,,137c91ed-c21a-419f-ba99-80c7d2fd5c7e,12:56.7,137c91ed-c21a-419f-ba99-80c7d2fd5c7e,,ONRR Issues $43040 Civil Penalty to EQT Production Company cited for failure to submit production reports,8/12/2013,,,"<strong>Denver</strong>&mdash;The Department of the Interior's Office of Natural Resources Revenue (ONRR) announced today that it has assessed EQT Production Co formerly Equitable Production a $43,040 civil penalty for failure to report production on the Oil and Gas Operations Report."
archived,,137c91ed-c21a-419f-ba99-80c7d2fd5c7e,12:56.7,137c91ed-c21a-419f-ba99-80c7d2fd5c7e,,ONRR Issues $322072 Civil Penalty to Pure Petroleum for Failure to Timely Submit Production Reports,8/12/2013,,,"<strong>Denver</strong>&mdash;The Department of the Interior's Office of Natural Resources Revenue (ONRR) announced today that it has assessed Pure Petroleum, LLC a $322,072 civil penalty for failure to timely report production information as specified in a December 2012 Notice of Noncompliance (NONC)."
archived,,137c91ed-c21a-419f-ba99-80c7d2fd5c7e,12:56.7,137c91ed-c21a-419f-ba99-80c7d2fd5c7e,,ONRR Issues $19508 Civil Penalty to HRM Resources - Company cited for failure to correct production reports,7/8/2013,,,"<strong>Denver</strong>&mdash;The Department of the Interior's Office of Natural Resources Revenue (ONRR) announced that it has assessed HRM Resources LLC a $19,508 civil penalty for failure to timely correct production reports."
archived,,137c91ed-c21a-419f-ba99-80c7d2fd5c7e,12:56.7,137c91ed-c21a-419f-ba99-80c7d2fd5c7e,,ONRR Issues $802000 Civil Penalty to Asarco LLC,6/20/2013,,,"<strong>Denver</strong>&mdash;The Department of the Interior's Office of Natural Resources Revenue (ONRR) announced today that it has assessed Asarco LLC an $802,000 civil penalty for knowing or willful failure to permit an audit of the company's copper production from the Mission Mine, located on American Indian lands in southern Arizona."
archived,,137c91ed-c21a-419f-ba99-80c7d2fd5c7e,12:56.7,137c91ed-c21a-419f-ba99-80c7d2fd5c7e,,ONRR Issues $947200 Civil Penalty to OXY USA,4/23/2013,,,"<strong>Denver</strong>&mdash;The Department of the Interior's Office of Natural Resources Revenue (ONRR) announced today that it has assessed OXY USA, Inc., a $947,200 civil penalty for knowing or willful failure to permit an audit of the company's oil and gas leases on federal lands in New Mexico."
archived,,137c91ed-c21a-419f-ba99-80c7d2fd5c7e,12:56.7,137c91ed-c21a-419f-ba99-80c7d2fd5c7e,,ONRR Issues $780300 Civil Penalty to Dynamic Offshore,4/11/2013,,,"<strong>Denver</strong>&mdash;The Department of the Interior's Office of Natural Resources Revenue (ONRR) announced today that it has assessed Dynamic Offshore Resources, LLC, a $780,300 civil penalty for ""knowing or willful maintenance of inaccurate gas volume information"" in its royalty reports."
archived,,137c91ed-c21a-419f-ba99-80c7d2fd5c7e,12:56.7,137c91ed-c21a-419f-ba99-80c7d2fd5c7e,,Chesapeake Energy Company Fined $765000 .. ONRR issues civil penalty for misreporting royalty reports,4/2/2013,,,"<strong>Denver</strong>&mdash;The Department of the Interior's Office of Natural Resources Revenue (ONRR) announced today that it has assessed Chesapeake Energy Company a $765,000 civil penalty for knowing or willful submission of inaccurate information on its oil and gas royalty reports."
archived,,137c91ed-c21a-419f-ba99-80c7d2fd5c7e,12:56.7,137c91ed-c21a-419f-ba99-80c7d2fd5c7e,,Energy Companies Fined for Violating Reporting Rules $141000 assessed in civil penalties,3/1/2013,,,"<strong>Denver</strong>&mdash;The Department of the Interior's Office of Natural Resources Revenue (ONRR) announced today that five energy companies have been assessed six civil penalties for violating reporting rules, including noncompliance with reporting regulations and failure to submit timely production and royalty reports."
archived,,137c91ed-c21a-419f-ba99-80c7d2fd5c7e,12:56.7,137c91ed-c21a-419f-ba99-80c7d2fd5c7e,,YATES PETROLEUM PAYS $416000 TO RESOLVE ALLEGATIONS IT VIOLATED THE FALSE CLAIMS ACT,1/4/2013,,,"<strong>Denver</strong>&mdash;John Walsh, the United States Attorney for the District of Colorado, today announced that Yates Petroleum Corporation has agreed to pay $416,000.00 to resolve allegations that the company submitted false statements about the royalties the company owed for natural gas removed from federal leases in Wyoming."
archived,,137c91ed-c21a-419f-ba99-80c7d2fd5c7e,12:56.7,137c91ed-c21a-419f-ba99-80c7d2fd5c7e,,Secretary Salazar Announces Interior Disbursed $12 Billion in FY 2012 Energy Revenues,12/6/2012,,,"<strong>Washington</strong>&mdash;Secretary of the Interior Ken Salazar today announced that the Department of the Interior disbursed, or paid out, $12.15 billion in revenue generated from energy production on public lands and offshore areas in Fiscal Year 2012 a $1 billion increase over the previous year, and in line with increased production taking place across the country. The revenues were distributed to state, federal, and tribal accounts, providing important funding and supporting critical reclamation, conservation and preservation projects."
archived,,137c91ed-c21a-419f-ba99-80c7d2fd5c7e,12:56.7,137c91ed-c21a-419f-ba99-80c7d2fd5c7e,,States earn over $2.1 billion in Federal mineral receipts,12/6/2012,,,"<strong>Denver</strong>&mdash;The Department of the Interior's Office of Natural Resources Revenue (ONRR) announced today that more than $2.1 billion was disbursed to 36 states as part of the state share of Federal revenues collected in Fiscal Year 2012 from energy and mineral production that occurred on Federal lands within their borders, and offshore on the Outer Continental Shelf."
archived,,137c91ed-c21a-419f-ba99-80c7d2fd5c7e,12:56.7,137c91ed-c21a-419f-ba99-80c7d2fd5c7e,,Interior�s Office of Natural Resources Revenue collects $1.2 million civil penalty,8/23/2012,,,<strong>Denver</strong>&mdash;The Department of the Interior's Office of Natural Resources Revenue (ONRR) has collected a $1.2 million civil penalty from QEP Resources Inc. for knowing or willful maintenance of inaccurate oil and gas royalty and/or production reports on ONRR's Financial System.
archived,,137c91ed-c21a-419f-ba99-80c7d2fd5c7e,12:56.7,137c91ed-c21a-419f-ba99-80c7d2fd5c7e,,Interior Extends Deadline for Nominations to Committee on U.S. Extractive Industries Transparency Initiative,8/22/2012,,,"<strong>Washington</strong>&mdash;In response to several requests, Secretary of the Interior Ken Salazar announced today that the department is extending the deadline by 30 days to receive nominations for membership on a national committee to guide and oversee U.S. implementation of the Extractive Industries Transparency Initiative (USEITI)."
archived,,137c91ed-c21a-419f-ba99-80c7d2fd5c7e,12:56.7,137c91ed-c21a-419f-ba99-80c7d2fd5c7e,,Interior Establishes Committee to Oversee Implementation of U.S. Extractive Industries Transparency Initiative,7/26/2012,,,"<strong>Washington</strong>&mdash;Secretary of the Interior Ken Salazar today announced the establishment of a national committee to guide and oversee U.S. implementation of the Extractive Industries Transparency Initiative (USEITI), a voluntary, global initiative designed to increase transparency, strengthen the accountability of natural resource revenues, and build public trust for the governance of these vital activities."
archived,,137c91ed-c21a-419f-ba99-80c7d2fd5c7e,12:56.7,137c91ed-c21a-419f-ba99-80c7d2fd5c7e,,BP America pays $5.2 million civil penalty for inaccurate reporting on energy production on Tribal lands,7/18/2012,,,"<strong>Denver</strong>&mdash;The Department of the Interior's Office of Natural Resources Revenue (ONRR) announced today that BP America Inc. paid a $5.2 million civil penalty for submitting false, inaccurate, or misleading reports for energy production that occurred on Southern Ute Indian Tribal lands in southwestern Colorado."
archived,,137c91ed-c21a-419f-ba99-80c7d2fd5c7e,12:56.7,137c91ed-c21a-419f-ba99-80c7d2fd5c7e,,DOI�s ONRR issues $1.2 million civil penalty to QEP Resources for maintenance of inaccurate reports,7/11/2012,,,<strong>Denver</strong>&mdash;The Department of the Interior's Office of Natural Resources Revenue (ONRR) announced today that it issued a $1.2 million civil penalty to QEP Resources Inc. for knowing or willful maintenance of inaccurate oil and gas royalty and/or production reports on ONRR's Financial System.
archived,,137c91ed-c21a-419f-ba99-80c7d2fd5c7e,12:56.7,137c91ed-c21a-419f-ba99-80c7d2fd5c7e,,Louis Dreyfus Energy Services Pays $4 Million To Resolve Allegations That It Violated The False Claims Act,7/3/2012,,,"<strong>Washington</strong>&mdash;Louis Dreyfus Energy Services has paid the United States $4,084,000 to settle allegations that it violated the False Claims Act by failing to pay money owed on natural gas acquired from the Department of the Interior, the Justice Department announced today."
archived,,137c91ed-c21a-419f-ba99-80c7d2fd5c7e,12:56.7,137c91ed-c21a-419f-ba99-80c7d2fd5c7e,,Interior's ONRR recognizes Southern Ute Tribe State of Utah for superior performance in FY 2011,5/9/2012,,,<strong>Denver</strong>&mdash;The Department of the Interior's Office of Natural Resources Revenue (ONRR) today recognized the Southern Ute Tribe and the State of Utah for their superior performance and significant contributions to ONRR's mission.
archived,,137c91ed-c21a-419f-ba99-80c7d2fd5c7e,12:56.7,137c91ed-c21a-419f-ba99-80c7d2fd5c7e,,Interior's ONRR issues $1.9 million civil penalty to Cabot Oil & Gas for maintaining inaccurate reports,4/30/2012,,,"<strong>Denver</strong>&mdash;The Department of the Interior's Office of Natural Resources Revenue (ONRR) announced today it is assessing a $1.9 million civil penalty against Cabot Oil & Gas Corporation for knowing or willful maintenance of false, inaccurate, or misleading information on ONRR's database."
archived,,137c91ed-c21a-419f-ba99-80c7d2fd5c7e,12:56.7,137c91ed-c21a-419f-ba99-80c7d2fd5c7e,,Secretary Salazar to Recognize Work and Accomplishments of Office of Natural Resources Revenue Employees in Colorado -- Denver Office Named Among Top Workplaces in 2012 Denver Post Survey,4/20/2012,,,"<strong>Denver</strong>&mdash;On Monday, Secretary of the Interior Ken Salazar will celebrate and recognize the work of over 500 Office of Natural Resources Revenue (ONRR) employees based in the Denver office. Identified as one of the top places to work in the Denver Metropolitan area in 2012, ONRR was selected based on an employee survey conducted by the Denver Post in late December 2011."
archived,,137c91ed-c21a-419f-ba99-80c7d2fd5c7e,12:56.7,137c91ed-c21a-419f-ba99-80c7d2fd5c7e,,ONRR's Denver Office named among Top Workplaces in 2012 Denver Post survey,4/16/2012,,,<strong>Denver</strong>&mdash;The Department of the Interior's Office of Natural Resources Revenue's ONRR Denver Office has been named by The Denver Post as one of the top places to work in the Denver Metropolitan area in 2012.
archived,,137c91ed-c21a-419f-ba99-80c7d2fd5c7e,12:56.7,137c91ed-c21a-419f-ba99-80c7d2fd5c7e,,Interior�s ONRR schedules first meetings of Indian Oil Valuation Negotiated Rulemaking Committee,4/5/2012,,,<strong>Denver</strong>&mdash;The Department of the Interior's Office of Natural Resources Revenue (ONRR) announced today that it has scheduled the first meetings of the recently established Indian Oil Valuation Negotiated Rulemaking Committee for May 1-2 and June 18-19 at the Denver Federal Center in Colorado.
archived,,137c91ed-c21a-419f-ba99-80c7d2fd5c7e,12:56.7,137c91ed-c21a-419f-ba99-80c7d2fd5c7e,,Interior�s ONRR issues $1.7 million civil penalty to Merrion Oil and Gas for late royalty payments,3/29/2012,,,<strong>Denver</strong>&mdash;The Department of the Interior's Office of Natural Resources Revenue (ONRR) announced today it is assessing a $1.7 million civil penalty against Merrion Oil and Gas Corporation for knowing or willful failure to make timely royalty payments.
archived,,137c91ed-c21a-419f-ba99-80c7d2fd5c7e,12:56.7,137c91ed-c21a-419f-ba99-80c7d2fd5c7e,,United States Attorney's Office Recovers $2.7 Million Resolving Allegations that Gary-Williams Energy Company Violated the False Claims Act,3/26/2012,,,"<strong>Denver</strong>&mdash;The United States Attorney for the District of Colorado, John F. Walsh, today announces the recovery of more than $2,764,748.76 as part of a settlement of allegations that the Gary-Williams Energy Company violated the Federal False Claims Act by failing to pay money owed on oil acquired from the Department of the Interior."
archived,,137c91ed-c21a-419f-ba99-80c7d2fd5c7e,12:56.7,137c91ed-c21a-419f-ba99-80c7d2fd5c7e,,U.S. Extractive Industries Transparency Initiative Public Listening Sessions Announce,3/16/2012,,,"The Department of the Interior will host a public listening session to gather comments concerning the creation of a U.S. multi-stakeholder group that will develop and implement the framework for the U.S. Extractive Industries Transparency Initiative (USEITI), a voluntary, global standard for transparency in reporting revenues received for oil, gas and mineral extraction. The multi-stakeholder group will be comprised of representatives from government, industry and civil society."
archived,,137c91ed-c21a-419f-ba99-80c7d2fd5c7e,12:56.7,137c91ed-c21a-419f-ba99-80c7d2fd5c7e,,Interior Report Outlines Path Forward for Consolidating OSM and BLM Administrative Functions to Achieve Greater Efficiencies,3/13/2012,,,"The Department of the Interior today announced that the Office of Surface Mining Reclamation and Enforcement (OSM) will pursue administrative and program consolidations with the Bureau of Land Management (BLM) that are expected to generate savings and efficiencies, while continuing to operate as an independent bureau within Interior."
archived,,137c91ed-c21a-419f-ba99-80c7d2fd5c7e,12:56.7,137c91ed-c21a-419f-ba99-80c7d2fd5c7e,,Interior and Justice Departments announce $3.4 million False Claims Settlement with Devon Energy,3/12/2012,,,Devon Energy Corporation has agreed to pay the United States $3.4 million to resolve claims that the company knowingly under-reported and underpaid royalties owed on natural gas produced from Federal and American Indian leases in violation of the False Claims Act.
archived,,137c91ed-c21a-419f-ba99-80c7d2fd5c7e,12:56.7,137c91ed-c21a-419f-ba99-80c7d2fd5c7e,,U.S. Extractive Industries Transparency Initiative Public Listening Sessions Announced ,3/7/2012,,,"<strong>Washington</strong>&mdash;The Department of the Interior today announced that it will host a series of public listening sessions to gather comments concerning the creation of a U.S. multi-stakeholder group that will develop and implement the U.S. framework for the Extractive Industries Transparency Initiative (EITI), a voluntary, global standard for transparency in reporting revenues received for oil, gas and mineral extraction. The multi-stakeholder group will be comprised of representatives from government, industry and civil society."
archived,,137c91ed-c21a-419f-ba99-80c7d2fd5c7e,12:56.7,137c91ed-c21a-419f-ba99-80c7d2fd5c7e,,DOI recognizes ONRR�s Mary Williams with prestigious �Distinguished Service Award,3/7/2012,,,"<strong>Washington</strong>&mdash;Today at a ceremony in Washington D.C., the Department of Interior recognized Mary Williams, a program manager for the Office of Natural Resources Revenue (ONRR) in Denver and a 38-year Federal employee, with its prestigious Distinguished Service Award."
archived,,137c91ed-c21a-419f-ba99-80c7d2fd5c7e,12:56.7,137c91ed-c21a-419f-ba99-80c7d2fd5c7e,,U.S. Extractive Industries Transparency Initiative Commences Public Comment Period ,2/24/2012,,,"<strong>Washington</strong>&mdash;The Department of the Interior today announced that a public comment period will be held to collect suggestions for formation of a multi-stakeholder group that will implement the Extractive Industries Transparency Initiative (EITI), a voluntary, multi-national framework for transparency in reporting revenues received for oil, gas and mineral extraction."
archived,,137c91ed-c21a-419f-ba99-80c7d2fd5c7e,12:56.7,137c91ed-c21a-419f-ba99-80c7d2fd5c7e,,Interior�s ONRR Justice Department announce $14.6 million False Claims settlement with Total ,2/22/2012,,,<strong>Washington</strong>&mdash;Total Fina S.A. and its affiliates have agreed to pay the United States $14.6 million plus interest to resolve claims that the companies violated the False Claims Act by knowingly under-reporting and under-paying royalties owed on natural gas produced from Federal and American Indian leases.
archived,,137c91ed-c21a-419f-ba99-80c7d2fd5c7e,12:56.7,137c91ed-c21a-419f-ba99-80c7d2fd5c7e,,Interior�s ONRR collects $25 million to resolve claims Shell Offshore underpaid royalties ,1/17/2012,,,<strong>Denver</strong>&mdash;The Department of the Interior's Office of Natural Resources Revenue (ONRR) collected $25 million from Shell Offshore Inc. in a settlement to resolve claims that the company underpaid royalties owed on oil and gas produced from federal leases.
archived,,137c91ed-c21a-419f-ba99-80c7d2fd5c7e,12:56.7,137c91ed-c21a-419f-ba99-80c7d2fd5c7e,,Energy Production on Ft. Berthold Reservation in North Dakota Provides Substantial Economic Benefits to American Indian Communities,1/12/2012,,,<strong>Washington</strong>&mdash;A partnership among Department of the Interior agencies and American Indian communities in North Dakota has spurred a 400 percent increase in revenues from increased domestic energy production over last year providing substantial economic benefits to the tribal government and individual mineral owners.
archived,,137c91ed-c21a-419f-ba99-80c7d2fd5c7e,12:56.7,137c91ed-c21a-419f-ba99-80c7d2fd5c7e,,DOI Establishes Negotiated Rulemaking Committee,12/8/2011,,,<strong>Denver</strong>&mdash;The Department of the Interior's Office of Natural Resources Revenue (ONRR) today published a Federal Register Notice establishing an Indian Oil Valuation Negotiated Rulemaking Committee charged with bringing clarity and consistency to oil valuation regulations governing production on American Indian lands.
archived,,137c91ed-c21a-419f-ba99-80c7d2fd5c7e,12:56.7,137c91ed-c21a-419f-ba99-80c7d2fd5c7e,,Interior Department's Royalty Audit Program Earns Highest Rating from Independent Peer Review ,12/1/2011,,,<strong>Denver</strong>&mdash;The Department of the Interior's Office of Natural Resources Revenue's (ONRR) audit organization has received the highest possible rating following an independent peer review that examined three years of the agency's royalty auditing work.
archived,,137c91ed-c21a-419f-ba99-80c7d2fd5c7e,12:56.7,137c91ed-c21a-419f-ba99-80c7d2fd5c7e,,States earn $1.99 billion in Federal royalty receipts,11/7/2011,,,"<strong>Denver</strong>&mdash;The Department of the Interior's Office of Natural Resources Revenue announced today that more than $1.99 billion was disbursed to 37 states as part of the state share of Federal revenues collected in Fiscal Year 2011 from energy production that occurred on Federal lands within their borders, and offshore in the Outer Continental Shelf."
archived,,137c91ed-c21a-419f-ba99-80c7d2fd5c7e,12:56.7,137c91ed-c21a-419f-ba99-80c7d2fd5c7e,,Interior Distributes $11.2 Billion in Energy Revenues to State Tribal and Federal Governments,11/7/2011,,,"<strong>Washington</strong>&mdash;The Department of the Interior collected $11.16 billion from energy production on public lands and offshore areas in fiscal year 2011 a $2 billion increase over the previous year and disbursed those revenues among federal, state and tribal governments, while funding reclamation, conservation and preservation accounts."
archived,,137c91ed-c21a-419f-ba99-80c7d2fd5c7e,12:56.7,137c91ed-c21a-419f-ba99-80c7d2fd5c7e,,Gulf of Mexico Energy Security Act of 2006,10/26/2011,,,Fiscal Year 2011 Phase I Allocations
archived,,137c91ed-c21a-419f-ba99-80c7d2fd5c7e,12:56.7,137c91ed-c21a-419f-ba99-80c7d2fd5c7e,,Interior�s ONRR announces $20.5 million settlement in BP Amoco Corp. False Claims Act case,9/16/2011,,,<strong>Washington</strong>&mdash;BP Amoco Corp. and several affiliates have agreed to pay the United States $20.5 million to resolve claims that the companies violated the False Claims Act by knowingly underpaying royalties owed on natural gas produced from Federal and American Indian leases. The announcement was made today by the Department of the Interior's Office of Natural Resources Revenue (ONRR) and the U.S. Justice Department.
archived,,137c91ed-c21a-419f-ba99-80c7d2fd5c7e,12:56.7,137c91ed-c21a-419f-ba99-80c7d2fd5c7e,,Interior schedules public workshops to examine coal valuation regulations,9/9/2011,,,<strong>Denver</strong>&mdash;The Department of the Interior's Office of Natural Resources Revenue (ONRR) announced today that three public workshops have been scheduled to discuss issues related to existing royalty valuation regulations for coal produced from Federal and American Indian leases.
archived,,137c91ed-c21a-419f-ba99-80c7d2fd5c7e,12:56.7,137c91ed-c21a-419f-ba99-80c7d2fd5c7e,,Interior schedules public workshops aimed at simplifying oil and gas valuation regulations,9/9/2011,,,<strong>Denver</strong>&mdash;The Department of the Interior's Office of Natural Resources Revenue (ONRR) announced today that three public workshops have been scheduled to discuss issues related to existing Federal oil and gas royalty valuation regulations.
archived,,137c91ed-c21a-419f-ba99-80c7d2fd5c7e,12:56.7,137c91ed-c21a-419f-ba99-80c7d2fd5c7e,,Workshops To Discuss Revisions to Federal Oil and Gas Royalty Valuation Regulations: Advance Notice of Proposed Rulemaking,9/9/2011,,https://www.federalregister.gov/documents/2011/09/09/2011-23104/workshops-to-discuss-revisions-to-federal-oil-and-gas-royalty-valuation-regulations-advance-notice,<strong>Denver</strong>&mdash;The Office of Natural Resources Revenue (ONRR) announces three public workshops to discuss specific issues regarding the existing Federal oil and gas royalty valuation regulations at 30 CFR parts 1202 and 1206 for oil and gas produced from Federal onshore and offshore oil and gas leases.
archived,,137c91ed-c21a-419f-ba99-80c7d2fd5c7e,12:56.7,137c91ed-c21a-419f-ba99-80c7d2fd5c7e,,Workshops To Discuss Revisions to Federal and Indian Coal Valuation Regulations: Advance Notice of Proposed Rulemaking,9/9/2011,,https://www.federalregister.gov/documents/2011/09/09/2011-23140/workshops-to-discuss-revisions-to-federal-and-indian-coal-valuation-regulations-advance-notice-of,<strong>Denver</strong>&mdash;The Office of Natural Resources Revenue (ONRR) announces three public workshops to discuss specific issues regarding the existing royalty valuation regulations at 30 CFR parts 1202 and 1206 for coal produced from Federal and Indian leases.
archived,,137c91ed-c21a-419f-ba99-80c7d2fd5c7e,12:56.7,137c91ed-c21a-419f-ba99-80c7d2fd5c7e,,Interior�s ONRR collects $136000 civil penalty for knowing failure to permit an audit ,8/23/2011,,,"<strong>Denver</strong>&mdash;The Department of the Interior's Office of Natural Resources Revenue (ONRR) announced today it collected a $136,000 civil penalty from Energy Resources Technology, Inc., for knowing failure to permit an audit."
archived,,137c91ed-c21a-419f-ba99-80c7d2fd5c7e,12:56.7,137c91ed-c21a-419f-ba99-80c7d2fd5c7e,,ONRR collects $1.1 million civil penalty from Chevron,7/20/2011,,,<strong>Denver</strong>&mdash;The Department of the Interior's Office of Natural Resources Revenue (ONRR) announced today it collected a $1.1 million civil penalty from Chevron U.S.A. for improperly claiming transportation deductions on certain leases it holds in the Gulf of Mexico.
archived,,137c91ed-c21a-419f-ba99-80c7d2fd5c7e,12:56.7,137c91ed-c21a-419f-ba99-80c7d2fd5c7e,,Anadarko Kerr-McGee settlement garners $17 million payment to U.S.,6/20/2011,,,"<strong>Washington</strong>&mdash;Anadarko Petroleum Corporation, Kerr-McGee Corporation and their affiliates have agreed to pay the United States $16.375 million plus interest to resolve claims that the companies violated the False Claims Act by knowingly underpaying royalties owed on natural gas produced from federal and American Indian leases, and numerous additional administrative claims, the Justice Department and the Department of the Interior's Office of Natural Resources Revenue (ONRR) announced today."""
archived,,137c91ed-c21a-419f-ba99-80c7d2fd5c7e,12:56.7,137c91ed-c21a-419f-ba99-80c7d2fd5c7e,,DOI ONRR seeking to simplify coal valuations,5/26/2011,,,<strong>Washington</strong>&mdash;The Department of the Interior and its Office of Natural Resources Revenue (ONRR) announced today that the Department is soliciting public comments and suggestions to simplify regulations governing the valuation of coal produced on Federal and American Indian leases.
archived,,137c91ed-c21a-419f-ba99-80c7d2fd5c7e,12:56.7,137c91ed-c21a-419f-ba99-80c7d2fd5c7e,,Interior to Revise Simplify Federal Oil and Natural Gas Royalty Regulations,5/24/2011,,,"<strong>Washington</strong>&mdash;Secretary of the Interior Ken Salazar today announced that the Department is evaluating the potential streamlining of regulations that govern the calculation of royalties owed to the United States from oil and natural gas produced offshore and on federal lands. Current regulations require complex, transaction-by-transaction evaluations of the negotiated price for the oil and gas produced on public lands, followed by an analysis of the costs associated with the transportation and gas processing."
archived,,137c91ed-c21a-419f-ba99-80c7d2fd5c7e,12:56.7,137c91ed-c21a-419f-ba99-80c7d2fd5c7e,,Shell to pay $2.2 million settlement to resolve Federal False Claims case,5/10/2011,,,"<strong>Washington</strong>&mdash;Shell Oil Company, Shell Offshore Inc., Shell Frontier Oil & Gas Inc., and Shell Western Exploration and Production (Shell Defendants) have agreed to pay the United States $2.2 million plus interest to resolve claims that the companies violated the False Claims Act by knowingly underpaying royalties owed on natural gas produced from Federal leases, the Department of the Interior (DOI) and the U.S. Department of Justice announced today."
archived,,137c91ed-c21a-419f-ba99-80c7d2fd5c7e,12:56.7,137c91ed-c21a-419f-ba99-80c7d2fd5c7e,,Occidental Oil Companies to pay $2.05 million to resolve allegations of royalty underpayments,3/22/2011,,,"<strong>Washington</strong>&mdash;Occidental Petroleum Corporation, Occidental Oil and Gas Corporation, and OXY USA Inc. have agreed to pay the United States $2.05 million plus interest to resolve claims that the companies violated the False Claims Act by knowingly underpaying royalties owed on natural gas produced from federal leases, the Department of Justice announced today. Occidental Petroleum Corporation is an international oil and gas exploration and production company headquartered in Los Angeles."
archived,,137c91ed-c21a-419f-ba99-80c7d2fd5c7e,12:56.7,137c91ed-c21a-419f-ba99-80c7d2fd5c7e,,Enterprise Carlsbad Transportation System and Dew Point Plant,3/14/2011,,,<strong>Denver</strong>&mdash;ONRR Asset Valuation has published Annual Unbundling factors for the Carlsbad gathering system and dew point plant.
archived,,137c91ed-c21a-419f-ba99-80c7d2fd5c7e,12:56.7,137c91ed-c21a-419f-ba99-80c7d2fd5c7e,,eCommerce Web Site comes to ONRR,3/1/2011,,,"<strong>Denver</strong>&mdash;The Department of the Interior's Office of Natural Resources Revenue (ONRR) has been notifying energy companies that report electronically of a new eCommerce Reporting Web Site that went ""live"" on March 1, 2011."
archived,,137c91ed-c21a-419f-ba99-80c7d2fd5c7e,12:56.7,137c91ed-c21a-419f-ba99-80c7d2fd5c7e,,Interior to Update Regulations on American Indian Oil Valuation,1/28/2011,,,<strong>Washington</strong>&mdash;Secretary of the Interior Ken Salazar today announced that the Department is proposing to establish a negotiated rulemaking committee to replace outdated regulations governing the valuation of oil produced on American Indian lands. The Secretary urged interested parties to nominate members for the committee and offer comments on the proposal.
archived,,137c91ed-c21a-419f-ba99-80c7d2fd5c7e,12:56.7,137c91ed-c21a-419f-ba99-80c7d2fd5c7e,,Salazar: $2.2 Billion to States Tribes from Energy Production Revenues in Fiscal Year 2010,11/4/2010,,,"<strong>Washington</strong>&mdash;The Department of the Interior disbursed more than $1.8 billion to 34 states and more than $407 million to 34 American Indian Tribes and 30,000 individual Indian mineral owners as part of their share of receipts from onshore and offshore energy production during Fiscal Year 2010, Secretary Ken Salazar announced today."
archived,,137c91ed-c21a-419f-ba99-80c7d2fd5c7e,12:56.7,137c91ed-c21a-419f-ba99-80c7d2fd5c7e,,States earn $1.8 billion in FY 2010 Federal royalty receipts,11/4/2010,,,<strong>Denver</strong>&mdash;The Department of the Interior's Office of Natural Resources Revenue announced today that more than $1.8 billion was disbursed to 34 states as part of the state share of Federal revenues collected in Fiscal Year 2010 from energy production that occurred on Federal onshore lands and offshore in the Outer Continental Shelf.
archived,,137c91ed-c21a-419f-ba99-80c7d2fd5c7e,12:56.7,137c91ed-c21a-419f-ba99-80c7d2fd5c7e,,ONRR Disburses FY 2010 GOMESA payments,10/15/2010,,,"$2.3 million disbursed to Treasury, Gulf states, special funds Denver, CO - The Office of Natural Resources Revenue (ONRR) disbursed more than $2.3 million to U.S. Treasury accounts, the Land and Water Conservation Fund, and to four coastal states and eligible political subdivisions under provisions of the Gulf of Mexico Energy Security Act of 2006 (GOMESA), Rhea Suh, the Department of the Interior's Assistant Secretary for Policy, Management and Budget, announced today."
archived,,137c91ed-c21a-419f-ba99-80c7d2fd5c7e,12:56.7,137c91ed-c21a-419f-ba99-80c7d2fd5c7e,,75 FR 32343,6/8/2010,,https://www.federalregister.gov/documents/2010/06/08/2010-13646/debt-collection-and-administrative-offset-for-monies-due-the-federal-government,"The ONRR is proposing to promulgate regulations establishing procedures to implement the provisions governing collection of delinquent royalties, rentals, bonuses, and other amounts due under leases and other agreements for the production of oil, natural gas, coal, geothermal energy, other minerals, and renewable energy from Federal lands onshore, Indian tribal and allotted lands, and the Outer Continental Shelf under 30 CFR Part 218 - The proposed regulations would include provisions for administrative offset and would clarify and codify the provisions of the Debt Collection Act of 1982 (DCA) and the Debt Collection Improvement Act of 1996 (DCIA)."
archived,,137c91ed-c21a-419f-ba99-80c7d2fd5c7e,12:56.7,137c91ed-c21a-419f-ba99-80c7d2fd5c7e,,75 FR 22159,6/1/2010,,https://www.federalregister.gov/documents/2010/04/27/2010-9757/major-portion-prices-and-due-date-for-additional-royalty-payments-on-indian-gas-production-in,"Major Portion Prices and Due Date for Additional Royalty Payments on Indian Gas production in Designated Areas Not Associated with and index Zone - Notice of major portion prices for calendar year 2008. Final regulations for valuing gas produced from Indian leases, published August 10, 1999, require ONRR to determine major portion prices and notify industry by publishing the prices in the Federal Register."
archived,,137c91ed-c21a-419f-ba99-80c7d2fd5c7e,12:56.7,137c91ed-c21a-419f-ba99-80c7d2fd5c7e,,75 FR 30430,6/1/2010,,https://www.federalregister.gov/documents/2010/06/01/2010-13018/notice-terminating-the-exclusion-of-indian-tribal-leases-in-the-uintah-and-ouray-reservation-from,"Notice Terminating the Exclusion of Indian Tribal Leases in the Uintah and Ouray Reservation from Valuation under 30 CFR 206.172 - For gas produced from Indian tribal leases on the Uintah and Ouray Reservation (Reservation) in Utah, the Office of Natural Resources Revenue (ONRR) is terminating the exclusion from valuation under the regulations at 30 CFR 206.172, based on a request by the Ute Indian Tribe of the Uintah and Ouray Reservation."
published,,137c91ed-c21a-419f-ba99-80c7d2fd5c7e,12:56.7,137c91ed-c21a-419f-ba99-80c7d2fd5c7e,,"Interior Department Announces $21.53 Billion in Fiscal Year 2022 Energy Revenue, Highest-Ever Disbursements from Clean Energy from Federal Lands and Waters",11/4/2022,,,"<strong>Washington</strong>&mdash;Today, the Department of the Interiors Office of Natural Resources Revenue (ONRR) disbursed $21.53 billion in revenues generated in fiscal year 2022 from energy production on federal and Tribal onshore lands, and federal offshore areas, including the record $4.37 billion generated from the New York Bight offshore wind lease sale."
