status,sort,user_created,date_created,user_updated,date_updated,title,date,file,link,accessible_file
published,,137c91ed-c21a-419f-ba99-80c7d2fd5c7e,2021-12-22 19:12:56.662,137c91ed-c21a-419f-ba99-80c7d2fd5c7e,2021-12-22 19:12:56.662,Withdrawal of the 2020 Valuation Rule,2021-10-21,cdcdaa94-4378-4ceb-8861-33b4efb441a8,,
published,,137c91ed-c21a-419f-ba99-80c7d2fd5c7e,2021-12-22 19:12:56.662,137c91ed-c21a-419f-ba99-80c7d2fd5c7e,2021-12-22 19:12:56.662,Extending the Deadline for 2016 Valuation Rule Compliance to 10/01/2020,2020-06-30,f08d4c96-b16c-4292-81e9-daee346cea8f,,
published,,137c91ed-c21a-419f-ba99-80c7d2fd5c7e,2021-12-22 19:12:56.662,137c91ed-c21a-419f-ba99-80c7d2fd5c7e,2021-12-22 19:12:56.662,Extending the Deadline for 2016 Valuation Rule Compliance to 07/01/2020,2019-11-20,57da64ed-180f-48fa-a553-a294871be4d8,,
published,,137c91ed-c21a-419f-ba99-80c7d2fd5c7e,2021-12-22 19:12:56.662,137c91ed-c21a-419f-ba99-80c7d2fd5c7e,2021-12-22 19:12:56.662,Enjoining of Federal and Indian Coal Provisions of the 2016 Consolidated Valuation,2019-10-17,d5681cf5-0560-4d7f-8377-9f3e77cdb485,,
published,,137c91ed-c21a-419f-ba99-80c7d2fd5c7e,2021-12-22 19:12:56.662,137c91ed-c21a-419f-ba99-80c7d2fd5c7e,2021-12-22 19:12:56.662,Assessment of Late Payment Charges on Solid Mineral Leases,2019-06-24,b3ceda1c-7386-413b-b194-b632acc833f6,,
published,,137c91ed-c21a-419f-ba99-80c7d2fd5c7e,2021-12-22 19:12:56.662,137c91ed-c21a-419f-ba99-80c7d2fd5c7e,2021-12-22 19:12:56.662,Reinstatement of the Consolidated Federal Oil & Gas and Federal & Indian Coal Valuation Reform rule,2019-06-13,023112cc-9bff-40b6-b73d-a01e50183c72,,
published,,137c91ed-c21a-419f-ba99-80c7d2fd5c7e,2021-12-22 19:12:56.662,137c91ed-c21a-419f-ba99-80c7d2fd5c7e,2021-12-22 19:12:56.662,August 2018 Revised: Keepwhole Gas Processing Contracts,2018-08-21,506fe55a-ab15-4e7f-89ea-8ebda0c80088,,
published,,137c91ed-c21a-419f-ba99-80c7d2fd5c7e,2021-12-22 19:12:56.662,137c91ed-c21a-419f-ba99-80c7d2fd5c7e,2021-12-22 19:12:56.662,"Reporting requirements for reporting flared and vented gas volumes on the Oil and Gas Operations Report (OGOR), Form ONRR-4054",2018-04-09,ab929e7c-16a7-4876-bcb2-3520a52695db,,
published,,137c91ed-c21a-419f-ba99-80c7d2fd5c7e,2021-12-22 19:12:56.662,137c91ed-c21a-419f-ba99-80c7d2fd5c7e,2021-12-22 19:12:56.662,Stay of the Consolidated Federal Oil & Gas and Federal & Indian Coal Valuation Reform Final Rule,2017-02-22,27788e58-79c8-414f-bbba-cdde113b2c7a,,
published,,137c91ed-c21a-419f-ba99-80c7d2fd5c7e,2021-12-22 19:12:56.662,137c91ed-c21a-419f-ba99-80c7d2fd5c7e,2021-12-22 19:12:56.662,Valuation Changes For Federal and Indian Coal (Consolidated Federal Oil & Gas and Federal & Indian Coal Valuation Reform Final Rule),2016-10-05,f80db50d-df7a-49aa-a176-1356347860b1,,
published,,137c91ed-c21a-419f-ba99-80c7d2fd5c7e,2021-12-22 19:12:56.662,137c91ed-c21a-419f-ba99-80c7d2fd5c7e,2021-12-22 19:12:56.662,Valuation Changes for Federal Oil & Gas (Consolidated Federal Oil & Gas and Federal & Indian Coal Valuation Reform Final Rule),2016-09-13,1b46dde1-2a11-4301-8856-cefa40c08081,,
published,,137c91ed-c21a-419f-ba99-80c7d2fd5c7e,2021-12-22 19:12:56.662,137c91ed-c21a-419f-ba99-80c7d2fd5c7e,2021-12-22 19:12:56.662,ONRR Will No Longer Pay Interest on Company Overpayments,2016-05-10,e2afcb70-3774-41a9-9a03-0bca231ed0d6,,
published,,137c91ed-c21a-419f-ba99-80c7d2fd5c7e,2021-12-22 19:12:56.662,137c91ed-c21a-419f-ba99-80c7d2fd5c7e,2021-12-22 19:12:56.662,"The Office of Natural Resources Revenue (ONRR) Electronic Fund Transfer (EFT) Payment Requirement for Royalty, Rent, and Invoice. Payments sent to Indian lockbox accounts are not affected.",2016-01-15,81c2f844-ae42-4951-8625-d4c527b87a86,,
published,,137c91ed-c21a-419f-ba99-80c7d2fd5c7e,2021-12-22 19:12:56.662,137c91ed-c21a-419f-ba99-80c7d2fd5c7e,2021-12-22 19:12:56.662,New Reporting Requirement and New eCommerce Edit for Federal Terminable Lease Rentals,2015-12-24,b3c9a668-8596-4aaa-98f4-592f13128ef7,,
published,,137c91ed-c21a-419f-ba99-80c7d2fd5c7e,2021-12-22 19:12:56.662,137c91ed-c21a-419f-ba99-80c7d2fd5c7e,2021-12-22 19:12:56.662,"Elimination of Courtesy Notices for Federal Oil, Gas, and Geothermal Obligations",2015-08-21,a5471077-6aef-445a-a6a3-0d543ae8e288,,
published,,137c91ed-c21a-419f-ba99-80c7d2fd5c7e,2021-12-22 19:12:56.662,137c91ed-c21a-419f-ba99-80c7d2fd5c7e,2021-12-22 19:12:56.662,Elimination of Courtesy Notices for Solid Minerals Obligations,2015-08-21,b951dccc-66f5-4f96-ad6d-f215bde2f380,,
published,,137c91ed-c21a-419f-ba99-80c7d2fd5c7e,2021-12-22 19:12:56.662,137c91ed-c21a-419f-ba99-80c7d2fd5c7e,2021-12-22 19:12:56.662,Clarification to Indian Oil Index-Based Major Portion Dear Reporter Letter,2015-08-21,5466bc57-55f9-415f-9d98-49258bd5eadb,,
published,,137c91ed-c21a-419f-ba99-80c7d2fd5c7e,2021-12-22 19:12:56.662,137c91ed-c21a-419f-ba99-80c7d2fd5c7e,2021-12-22 19:12:56.662,"New Requirements Found in the Indian Oil Valuation Amendments, Effective July 1, 2015",2015-05-15,514e0f8a-7c45-42e9-8174-6326e24974d6,,
published,,137c91ed-c21a-419f-ba99-80c7d2fd5c7e,2021-12-22 19:12:56.662,137c91ed-c21a-419f-ba99-80c7d2fd5c7e,2021-12-22 19:12:56.662,Revised: Royalty on Gas Used or Lost Along a Pipeline Prior to the Point of Sale,2014-12-18,5a2cad0a-f3ff-47bf-8571-d7859430c81f,,
published,,137c91ed-c21a-419f-ba99-80c7d2fd5c7e,2021-12-22 19:12:56.662,137c91ed-c21a-419f-ba99-80c7d2fd5c7e,2021-12-22 19:12:56.662,CMP-2014 Electronic Reporting Requirement,2014-11-06,c1f82812-41ac-45b5-be25-723c0c162dac,,
published,,137c91ed-c21a-419f-ba99-80c7d2fd5c7e,2021-12-22 19:12:56.662,137c91ed-c21a-419f-ba99-80c7d2fd5c7e,2021-12-22 19:12:56.662,Publication of Revenue Data by Company through the Extractive Industries Transparancy Initiative (EITI),2014-06-30,2c61044f-5847-4a75-a49e-19e8828ed515,,
published,,137c91ed-c21a-419f-ba99-80c7d2fd5c7e,2021-12-22 19:12:56.662,137c91ed-c21a-419f-ba99-80c7d2fd5c7e,2021-12-22 19:12:56.662,Reporting Crude Oil Type for Indian Oil Production,2014-03-31,a84904f0-1e8e-4621-a5d4-4efd49c1438c,,
published,,137c91ed-c21a-419f-ba99-80c7d2fd5c7e,2021-12-22 19:12:56.662,137c91ed-c21a-419f-ba99-80c7d2fd5c7e,2021-12-22 19:12:56.662,Royalty on Gas Used or Lost Along a Pipeline Prior to the Point of Sales,2013-08-08,96990d34-c2f7-4f6d-a781-e3f2e86e7766,,
published,,137c91ed-c21a-419f-ba99-80c7d2fd5c7e,2021-12-22 19:12:56.662,137c91ed-c21a-419f-ba99-80c7d2fd5c7e,2021-12-22 19:12:56.662,Geothermal Report -- Generating and Transmission,2013-06-19,b374124d-8a69-46ab-b5ea-60d27005e064,,
published,,137c91ed-c21a-419f-ba99-80c7d2fd5c7e,2021-12-22 19:12:56.662,137c91ed-c21a-419f-ba99-80c7d2fd5c7e,2021-12-22 19:12:56.662,Geothermal Report -- Sale Type Code,2013-06-18,c192728a-a654-4337-a919-8a7b52b125c3,,
published,,137c91ed-c21a-419f-ba99-80c7d2fd5c7e,2021-12-22 19:12:56.662,137c91ed-c21a-419f-ba99-80c7d2fd5c7e,2021-12-22 19:12:56.662,Administrative Cost Assessment for Federal Debt Collection,2013-03-21,17f9e655-ef5c-4e88-9fdb-4f7a615c3ebe,,
published,,137c91ed-c21a-419f-ba99-80c7d2fd5c7e,2021-12-22 19:12:56.662,137c91ed-c21a-419f-ba99-80c7d2fd5c7e,2021-12-22 19:12:56.662,"OGOR B, Form MMS-4054-B, Change to Product Disposition for Certain Gas Sales.",2013-02-05,59c51d12-6b48-4b26-8016-3abb9d42d88e,,
published,,137c91ed-c21a-419f-ba99-80c7d2fd5c7e,2021-12-22 19:12:56.662,137c91ed-c21a-419f-ba99-80c7d2fd5c7e,2021-12-22 19:12:56.662,Keepwhole Gas Processing Contracts,2012-11-21,906804ea-37da-40bf-b251-926fc9228b11,,
published,,137c91ed-c21a-419f-ba99-80c7d2fd5c7e,2021-12-22 19:12:56.662,137c91ed-c21a-419f-ba99-80c7d2fd5c7e,2021-12-22 19:12:56.662,"Indian Leases Arm�s-Length Contracts, & Paying Royalties for Others",2012-08-27,f49349e4-ddf3-4c51-8c30-c250f35b0797,,
published,,137c91ed-c21a-419f-ba99-80c7d2fd5c7e,2021-12-22 19:12:56.662,137c91ed-c21a-419f-ba99-80c7d2fd5c7e,2021-12-22 19:12:56.662,"Indian Leases Dual Accounting, & Sales Beyond First Index Pricing Point",2012-08-27,58b1c4cf-c29c-4124-ae52-ff6b682ffe37,,
published,,137c91ed-c21a-419f-ba99-80c7d2fd5c7e,2021-12-22 19:12:56.662,137c91ed-c21a-419f-ba99-80c7d2fd5c7e,2021-12-22 19:12:56.662,Bakken Formation Reporting and Valuation Information�,2011-12-05,237b577d-f5e3-4274-b7c3-2f91a0959728,,
published,,137c91ed-c21a-419f-ba99-80c7d2fd5c7e,2021-12-22 19:12:56.662,137c91ed-c21a-419f-ba99-80c7d2fd5c7e,2021-12-22 19:12:56.662,New Web-based Reporting Enhancements�,2011-11-22,4ade0f84-1101-4401-bfeb-485cbe91f2ff,,
published,,137c91ed-c21a-419f-ba99-80c7d2fd5c7e,2021-12-22 19:12:56.662,137c91ed-c21a-419f-ba99-80c7d2fd5c7e,2021-12-22 19:12:56.662,New eCommerce edit for Form MMS-2014 coming in November 2011�,2011-10-14,b7512edb-3527-421e-84bc-2413ee287c67,,
published,,137c91ed-c21a-419f-ba99-80c7d2fd5c7e,2021-12-22 19:12:56.662,137c91ed-c21a-419f-ba99-80c7d2fd5c7e,2021-12-22 19:12:56.662,EDI Reporting Option Discontinued,2011-07-06,af468079-eb4f-46e4-bc1d-3a04f62777d7,,
published,,137c91ed-c21a-419f-ba99-80c7d2fd5c7e,2021-12-22 19:12:56.662,137c91ed-c21a-419f-ba99-80c7d2fd5c7e,2021-12-22 19:12:56.662,Recordkeeping Requirements and Consequences of Failure to Produce Documents,2011-03-10,9ecf7118-5f1b-483d-93f1-9b6ddc70aba4,,
published,,137c91ed-c21a-419f-ba99-80c7d2fd5c7e,2021-12-22 19:12:56.662,137c91ed-c21a-419f-ba99-80c7d2fd5c7e,2021-12-22 19:12:56.662,"Retraction of January 11, 1988 Dear Payor Letter",2011-01-20,1da877ee-87f2-471e-8384-73188d47fa4e,,
published,,137c91ed-c21a-419f-ba99-80c7d2fd5c7e,2021-12-22 19:12:56.662,137c91ed-c21a-419f-ba99-80c7d2fd5c7e,2021-12-22 19:12:56.662,OGOR Reporting Changes effective March 2011,2010-12-15,56e3c10c-e83d-4d1d-beb9-d0a1829c1ba2,,
published,,137c91ed-c21a-419f-ba99-80c7d2fd5c7e,2021-12-22 19:12:56.662,137c91ed-c21a-419f-ba99-80c7d2fd5c7e,2021-12-22 19:12:56.662,Guidance on Valuing Gas for Royalty Purposes - Transportation Systems and Processing Plants - Onshore Federal Leases,2010-10-06,2f3554ab-3214-49a4-bee1-d38fd4b898e3,,
published,,137c91ed-c21a-419f-ba99-80c7d2fd5c7e,2021-12-22 19:12:56.662,137c91ed-c21a-419f-ba99-80c7d2fd5c7e,2021-12-22 19:12:56.662,"OFFSHORE -- Flash Gas Volumes - Reporting Changes on the Production Allocation Schedule Report (PASR), Form MMS-4058",2010-08-04,ce1a814c-83c7-473e-b230-3a68f25cc97f,,
published,,137c91ed-c21a-419f-ba99-80c7d2fd5c7e,2021-12-22 19:12:56.662,137c91ed-c21a-419f-ba99-80c7d2fd5c7e,2021-12-22 19:12:56.662,"Electronic Payment Requirement for Royalty and Invoice Payments, and the Pay.gov Option",2010-06-07,400643df-12de-45a9-94a0-982e1d16dc83,,
published,,137c91ed-c21a-419f-ba99-80c7d2fd5c7e,2021-12-22 19:12:56.662,137c91ed-c21a-419f-ba99-80c7d2fd5c7e,2021-12-22 19:12:56.662,"Reporting requirements for OGOR Form MMS-4054, on Flaring and Venting of oil-well>",2010-05-07,0910bf1d-9c9b-42a6-897e-de528906d2ea,,
published,,137c91ed-c21a-419f-ba99-80c7d2fd5c7e,2021-12-22 19:12:56.662,137c91ed-c21a-419f-ba99-80c7d2fd5c7e,2021-12-22 19:12:56.662,"Oil and Gas Operations Report (OGOR), Form MMS-4054 - Error Correction",2010-04-30,796db3ee-0fe2-4d1c-a2cf-62f8e2897185,,
published,,137c91ed-c21a-419f-ba99-80c7d2fd5c7e,2021-12-22 19:12:56.662,137c91ed-c21a-419f-ba99-80c7d2fd5c7e,2021-12-22 19:12:56.662,Revised 2014 reporting instructions for geothermal resources and byproducts,2010-04-28,70a07949-39be-4c6c-afa5-2e25a93b4a8c,,
published,,137c91ed-c21a-419f-ba99-80c7d2fd5c7e,2021-12-22 19:12:56.662,137c91ed-c21a-419f-ba99-80c7d2fd5c7e,2021-12-22 19:12:56.662,"Guidance in modifying your Oil and Gas Operations Report (OGOR) for leases located in the Gulf of Mexico deep water and issued between November 28, 1995 and November 28, 2000",2010-04-15,2b5d9ea4-b958-4ca8-947c-75f13b6ac550,,
published,,137c91ed-c21a-419f-ba99-80c7d2fd5c7e,2021-12-22 19:12:56.662,137c91ed-c21a-419f-ba99-80c7d2fd5c7e,2021-12-22 19:12:56.662,Guidance on Recouping Royalties Paid on DWRRA Leases Affected by the Kerr McGee Decision,2009-11-06,bd8f20d7-dcf8-402b-a41c-6f2ce3f9b2fe,,
published,,137c91ed-c21a-419f-ba99-80c7d2fd5c7e,2021-12-22 19:12:56.662,137c91ed-c21a-419f-ba99-80c7d2fd5c7e,2021-12-22 19:12:56.662,"Guidance on Valuing Gas for Royalty Purposes - Manzanares Gas System, San Juan Basin, New Mexico",2009-10-07,fad25bfc-6d18-4ef3-b471-45447837ad74,,
published,,137c91ed-c21a-419f-ba99-80c7d2fd5c7e,2021-12-22 19:12:56.662,137c91ed-c21a-419f-ba99-80c7d2fd5c7e,2021-12-22 19:12:56.662,Buy Back-Meter Reporting - Offshore,2009-04-21,ecc429c4-caec-46f4-83c6-8dfac5f73efe,,
published,,137c91ed-c21a-419f-ba99-80c7d2fd5c7e,2021-12-22 19:12:56.662,137c91ed-c21a-419f-ba99-80c7d2fd5c7e,2021-12-22 19:12:56.662,New Enhancements to Web-based Reporting,2009-01-21,d561e440-f2b8-431b-bd38-003185ad2458,,
published,,137c91ed-c21a-419f-ba99-80c7d2fd5c7e,2021-12-22 19:12:56.662,137c91ed-c21a-419f-ba99-80c7d2fd5c7e,2021-12-22 19:12:56.662,Reminder of the 20 Percent Set-Aside Provision for Small or Independent Refiners,2008-10-28,9c0c0986-feee-4f80-b0dd-5b300f9d8d36,,
published,,137c91ed-c21a-419f-ba99-80c7d2fd5c7e,2021-12-22 19:12:56.662,137c91ed-c21a-419f-ba99-80c7d2fd5c7e,2021-12-22 19:12:56.662,The Energy Policy Act of 2005 (Act),2008-09-02,5ada1171-9afa-48d7-a7a1-56ac4285919e,,
published,,137c91ed-c21a-419f-ba99-80c7d2fd5c7e,2021-12-22 19:12:56.662,137c91ed-c21a-419f-ba99-80c7d2fd5c7e,2021-12-22 19:12:56.662,Production Allocation Schedule Report 2,2008-08-29,2578b000-9d30-4b52-9ee5-b57f1a616248,,
published,,137c91ed-c21a-419f-ba99-80c7d2fd5c7e,2021-12-22 19:12:56.662,137c91ed-c21a-419f-ba99-80c7d2fd5c7e,2021-12-22 19:12:56.662,Energy Policy Act Transaction and Product Codes,2008-08-20,97653b13-8846-48cc-950e-e530015acc01,,
published,,137c91ed-c21a-419f-ba99-80c7d2fd5c7e,2021-12-22 19:12:56.662,137c91ed-c21a-419f-ba99-80c7d2fd5c7e,2021-12-22 19:12:56.662,"Report of Sales and Royalty Remittance, for Southern Ute Tribal and allotted leases�",2008-04-21,d1dde36f-ad81-4aa2-9f4b-a645c17f3713,,
published,,137c91ed-c21a-419f-ba99-80c7d2fd5c7e,2021-12-22 19:12:56.662,137c91ed-c21a-419f-ba99-80c7d2fd5c7e,2021-12-22 19:12:56.662,Electronic Payments to MMS,2008-03-14,2f506206-2751-4c28-abea-eac006ed38e3,,
published,,137c91ed-c21a-419f-ba99-80c7d2fd5c7e,2021-12-22 19:12:56.662,137c91ed-c21a-419f-ba99-80c7d2fd5c7e,2021-12-22 19:12:56.662,"The MMS published new geothermal royalty valuation regulations in the Federal Register on May 2, 2007�",2007-12-13,c5029b37-86ca-491d-804b-b5e0192c4553,,
published,,137c91ed-c21a-419f-ba99-80c7d2fd5c7e,2021-12-22 19:12:56.662,137c91ed-c21a-419f-ba99-80c7d2fd5c7e,2021-12-22 19:12:56.662,New ACH Payment Instructions�,2007-09-27,7f714cae-680c-4a08-b385-3a2d6e57813d,,
published,,137c91ed-c21a-419f-ba99-80c7d2fd5c7e,2021-12-22 19:12:56.662,137c91ed-c21a-419f-ba99-80c7d2fd5c7e,2021-12-22 19:12:56.662,Clarification of Ute Indian Tribe's Lockbox Agreement�,2007-09-11,d7794d2a-765d-4200-a1a2-e2b389e5a77c,,
published,,137c91ed-c21a-419f-ba99-80c7d2fd5c7e,2021-12-22 19:12:56.662,137c91ed-c21a-419f-ba99-80c7d2fd5c7e,2021-12-22 19:12:56.662,Replacement for May 11 Ute Indian Tribe's Lockbox Agreement�,2007-07-23,e47b6230-a902-4ed4-95b5-708029cceb78,,
published,,137c91ed-c21a-419f-ba99-80c7d2fd5c7e,2021-12-22 19:12:56.662,137c91ed-c21a-419f-ba99-80c7d2fd5c7e,2021-12-22 19:12:56.662,The Ute Tribe has implemented a lockbox agreement with Wells Fargo Bank.�,2007-05-11,0e584eb0-82bf-49e3-b3bc-444e4f07b7af,,
published,,137c91ed-c21a-419f-ba99-80c7d2fd5c7e,2021-12-22 19:12:56.662,137c91ed-c21a-419f-ba99-80c7d2fd5c7e,2021-12-22 19:12:56.662,New Web-Based Reporting Enhancements�,2007-04-20,ea5e289c-11df-4d6b-ad4d-ebc3a2f4b3c0,,
published,,137c91ed-c21a-419f-ba99-80c7d2fd5c7e,2021-12-22 19:12:56.662,137c91ed-c21a-419f-ba99-80c7d2fd5c7e,2021-12-22 19:12:56.662,Recouping Rents against current Geothermal Royalties�,2006-05-23,c5a36a0d-688e-46d3-a349-73bd823c5bc5,,
published,,137c91ed-c21a-419f-ba99-80c7d2fd5c7e,2021-12-22 19:12:56.662,137c91ed-c21a-419f-ba99-80c7d2fd5c7e,2021-12-22 19:12:56.662,Notice of Properties to In-Value�,2005-08-17,920ea48e-6499-4769-93f4-b40c63efd293,,
published,,137c91ed-c21a-419f-ba99-80c7d2fd5c7e,2021-12-22 19:12:56.662,137c91ed-c21a-419f-ba99-80c7d2fd5c7e,2021-12-22 19:12:56.662,Request for Taxpayer Identification Number�,2004-11-16,b0869f04-d287-4f7c-8a92-8fbb6d6a000f,,
published,,137c91ed-c21a-419f-ba99-80c7d2fd5c7e,2021-12-22 19:12:56.662,137c91ed-c21a-419f-ba99-80c7d2fd5c7e,2021-12-22 19:12:56.662,Percentage of Proceeds (POP) Contracts�,2004-09-22,481414ff-57d9-4566-8cf7-1fbdf0062ca0,,
published,,137c91ed-c21a-419f-ba99-80c7d2fd5c7e,2021-12-22 19:12:56.662,137c91ed-c21a-419f-ba99-80c7d2fd5c7e,2021-12-22 19:12:56.662,Guidance on Payor Assigned Document Numbers and Addresses�,2004-02-20,09f92551-5914-406a-8c7d-e823d1b2b4a8,,
published,,137c91ed-c21a-419f-ba99-80c7d2fd5c7e,2021-12-22 19:12:56.662,137c91ed-c21a-419f-ba99-80c7d2fd5c7e,2021-12-22 19:12:56.662,Flash Gas Volumes - Reporting Change�,2003-12-01,0c302fb6-d3dc-46cf-a788-6e92224f6edf,,
published,,137c91ed-c21a-419f-ba99-80c7d2fd5c7e,2021-12-22 19:12:56.662,137c91ed-c21a-419f-ba99-80c7d2fd5c7e,2021-12-22 19:12:56.662,Payor Code and Payor-Assigned Document (PAD) Number,2003-04-16,5456d4c6-2904-4c1c-b0e3-ab5fb0822905,,
published,,137c91ed-c21a-419f-ba99-80c7d2fd5c7e,2021-12-22 19:12:56.662,137c91ed-c21a-419f-ba99-80c7d2fd5c7e,2021-12-22 19:12:56.662,Oil and Gas Operations Report (OGOR)--Frequent and recurring reporting errors,2003-02-19,e0c2fc7a-86b1-4a3d-b644-cb40a3e4ccf0,,
published,,137c91ed-c21a-419f-ba99-80c7d2fd5c7e,2021-12-22 19:12:56.662,137c91ed-c21a-419f-ba99-80c7d2fd5c7e,2021-12-22 19:12:56.662,Instructions for Electronic Reporting on Inovis Web Site,2003-01-17,a683ac93-1e7c-4d87-b1a4-ee5e33a68f5f,,
published,,137c91ed-c21a-419f-ba99-80c7d2fd5c7e,2021-12-22 19:12:56.662,137c91ed-c21a-419f-ba99-80c7d2fd5c7e,2021-12-22 19:12:56.662,System Functionality Restored,2002-03-20,fb7ede79-1134-4937-9cfc-6f01e9e0b04f,,
published,,137c91ed-c21a-419f-ba99-80c7d2fd5c7e,2021-12-22 19:12:56.662,137c91ed-c21a-419f-ba99-80c7d2fd5c7e,2021-12-22 19:12:56.662,Electronic Reporting,2001-09-21,6598f609-bcac-4415-a651-b3730dd19b95,,
published,,137c91ed-c21a-419f-ba99-80c7d2fd5c7e,2021-12-22 19:12:56.662,137c91ed-c21a-419f-ba99-80c7d2fd5c7e,2021-12-22 19:12:56.662,Changes to Coal and Non-Coal Mineral Production & Royalty Reporting,2001-03-13,4f1c514b-0aeb-4853-beb4-1a52702a105f,,
published,,137c91ed-c21a-419f-ba99-80c7d2fd5c7e,2021-12-22 19:12:56.662,137c91ed-c21a-419f-ba99-80c7d2fd5c7e,2021-12-22 19:12:56.662,Oklahoma Withholding 6.75 Percent tax Information,2000-12-07,459204f7-fee3-4a0b-9fa4-51fc49b369a6,,
published,,137c91ed-c21a-419f-ba99-80c7d2fd5c7e,2021-12-22 19:12:56.662,137c91ed-c21a-419f-ba99-80c7d2fd5c7e,2021-12-22 19:12:56.662,Guidance For Payors When Submitting a Request,2000-11-22,cf926165-74c9-4e7d-b8e7-cf8c7b9804e3,,
published,,137c91ed-c21a-419f-ba99-80c7d2fd5c7e,2021-12-22 19:12:56.662,137c91ed-c21a-419f-ba99-80c7d2fd5c7e,2021-12-22 19:12:56.662,"New Electronic Reporting Format Effective June 1, 2001",2000-10-06,13fc0ecb-38eb-435c-bdd3-b3753f97e861,,
published,,137c91ed-c21a-419f-ba99-80c7d2fd5c7e,2021-12-22 19:12:56.662,137c91ed-c21a-419f-ba99-80c7d2fd5c7e,2021-12-22 19:12:56.662,"Royalty Reporting Changes Effective October 1, 2001",2000-09-19,543db066-c299-4cfe-a9f8-133fb88feb0c,,
published,,137c91ed-c21a-419f-ba99-80c7d2fd5c7e,2021-12-22 19:12:56.662,137c91ed-c21a-419f-ba99-80c7d2fd5c7e,2021-12-22 19:12:56.662,Production Reporting Changes,2000-08-03,fb479843-2a67-42e1-9561-f85813bd808f,,
published,,137c91ed-c21a-419f-ba99-80c7d2fd5c7e,2021-12-22 19:12:56.662,137c91ed-c21a-419f-ba99-80c7d2fd5c7e,2021-12-22 19:12:56.662,Drip Reporting Guidance,2000-06-02,77ed1e5e-b71f-4f08-92fc-a6c70ecfa3de,,
published,,137c91ed-c21a-419f-ba99-80c7d2fd5c7e,2021-12-22 19:12:56.662,137c91ed-c21a-419f-ba99-80c7d2fd5c7e,2021-12-22 19:12:56.662,Indian Allotted Oil & Gas Lease Payments,2000-04-05,0aae9078-85a6-45ab-b6bd-571303e51e70,,
published,,137c91ed-c21a-419f-ba99-80c7d2fd5c7e,2021-12-22 19:12:56.662,137c91ed-c21a-419f-ba99-80c7d2fd5c7e,2021-12-22 19:12:56.662,Indian Gas Valuation Regulations,1999-12-01,0b8b6f8e-5f47-47e8-989d-85ce7bb182ac,,
published,,137c91ed-c21a-419f-ba99-80c7d2fd5c7e,2021-12-22 19:12:56.662,137c91ed-c21a-419f-ba99-80c7d2fd5c7e,2021-12-22 19:12:56.662,Payor Information Form MMS-4025 revised,1999-08-12,f7c0a691-20ac-4df1-83ff-0a5012f45209,,
published,,137c91ed-c21a-419f-ba99-80c7d2fd5c7e,2021-12-22 19:12:56.662,137c91ed-c21a-419f-ba99-80c7d2fd5c7e,2021-12-22 19:12:56.662,Transportation Allowances for Offshore Oil Production,1998-12-18,fe7392e6-56ab-4a63-9f94-710a8d5e998f,,
published,,137c91ed-c21a-419f-ba99-80c7d2fd5c7e,2021-12-22 19:12:56.662,137c91ed-c21a-419f-ba99-80c7d2fd5c7e,2021-12-22 19:12:56.662,Transportation Allowances for Offshore Oil Production,1998-11-24,0ffccfb1-faa1-4723-84c5-3c27525a12a3,,
published,,137c91ed-c21a-419f-ba99-80c7d2fd5c7e,2021-12-22 19:12:56.662,137c91ed-c21a-419f-ba99-80c7d2fd5c7e,2021-12-22 19:12:56.662,Electronic Filing of Form MMS-2014 Template,1998-11-24,3238ee9b-8ab4-499f-b6b6-de6446e0bee0,,
published,,137c91ed-c21a-419f-ba99-80c7d2fd5c7e,2021-12-22 19:12:56.662,137c91ed-c21a-419f-ba99-80c7d2fd5c7e,2021-12-22 19:12:56.662,Reporting changes due to revisions--30 CFR Part 202,1998-06-02,de212e17-bb07-4d98-b9db-309f8d5c67b6,,
published,,137c91ed-c21a-419f-ba99-80c7d2fd5c7e,2021-12-22 19:12:56.662,137c91ed-c21a-419f-ba99-80c7d2fd5c7e,2021-12-22 19:12:56.662,3160 Reporters--Monthly Report of Operations,1998-03-23,ff5528b3-6854-499f-8914-6fd708165881,,
published,,137c91ed-c21a-419f-ba99-80c7d2fd5c7e,2021-12-22 19:12:56.662,137c91ed-c21a-419f-ba99-80c7d2fd5c7e,2021-12-22 19:12:56.662,OGOR Reporters--Facility Measurement Point,1998-03-23,dd666206-c4ca-44f0-b6ed-e02a4acd9f54,,
published,,137c91ed-c21a-419f-ba99-80c7d2fd5c7e,2021-12-22 19:12:56.662,137c91ed-c21a-419f-ba99-80c7d2fd5c7e,2021-12-22 19:12:56.662,PAAS Reporter Handbook Available on the Internet,1997-11-26,0ccf4301-d9ce-4dc9-934c-d0c8e21ad370,,
published,,137c91ed-c21a-419f-ba99-80c7d2fd5c7e,2021-12-22 19:12:56.662,137c91ed-c21a-419f-ba99-80c7d2fd5c7e,2021-12-22 19:12:56.662,MMS to Pay Interest on Federal Oil & Gas Royalty Overpayment,1997-10-01,8142850b-fb1d-4c0e-9d03-88023489a0a9,,
published,,137c91ed-c21a-419f-ba99-80c7d2fd5c7e,2021-12-22 19:12:56.662,137c91ed-c21a-419f-ba99-80c7d2fd5c7e,2021-12-22 19:12:56.662,Quality Measurement Information on Form MMS-2014,1997-09-16,de026d5a-747f-46c5-94fd-6bcaef652607,,
published,,137c91ed-c21a-419f-ba99-80c7d2fd5c7e,2021-12-22 19:12:56.662,137c91ed-c21a-419f-ba99-80c7d2fd5c7e,2021-12-22 19:12:56.662,Image Processing,1997-08-12,27b78e50-9e23-4627-a562-30535d0c2440,,
published,,137c91ed-c21a-419f-ba99-80c7d2fd5c7e,2021-12-22 19:12:56.662,137c91ed-c21a-419f-ba99-80c7d2fd5c7e,2021-12-22 19:12:56.662,Royalty Estimate Balance Report,1997-07-01,3fdd95b8-7c73-4f58-8a43-9cdf3f260c41,,
published,,137c91ed-c21a-419f-ba99-80c7d2fd5c7e,2021-12-22 19:12:56.662,137c91ed-c21a-419f-ba99-80c7d2fd5c7e,2021-12-22 19:12:56.662,Offshore Reporter Letter,1997-05-28,a6e8a6e6-cdd0-4a33-aaf2-67af63b35950,,
published,,137c91ed-c21a-419f-ba99-80c7d2fd5c7e,2021-12-22 19:12:56.662,137c91ed-c21a-419f-ba99-80c7d2fd5c7e,2021-12-22 19:12:56.662,Imperative information to be included on Form MMS-2014,1997-05-12,aa6aa567-9bde-4a69-94e3-6b36cf9baaeb,,
published,,137c91ed-c21a-419f-ba99-80c7d2fd5c7e,2021-12-22 19:12:56.662,137c91ed-c21a-419f-ba99-80c7d2fd5c7e,2021-12-22 19:12:56.662,RSFA Interest Issues,1997-03-31,cc65a902-b29e-4bec-b8ad-f99f1afde02d,,
published,,137c91ed-c21a-419f-ba99-80c7d2fd5c7e,2021-12-22 19:12:56.662,137c91ed-c21a-419f-ba99-80c7d2fd5c7e,2021-12-22 19:12:56.662,Issue of Geothermal Payor Handbook--Product Val.,1997-02-20,b9a7942f-cfe1-4bc7-afe5-af566c962479,,
published,,137c91ed-c21a-419f-ba99-80c7d2fd5c7e,2021-12-22 19:12:56.662,137c91ed-c21a-419f-ba99-80c7d2fd5c7e,2021-12-22 19:12:56.662,RSFA Takes vs. Entitlements Requirements,1997-01-30,5f8dc14e-b92c-405c-9586-8e1a37957255,,
published,,137c91ed-c21a-419f-ba99-80c7d2fd5c7e,2021-12-22 19:12:56.662,137c91ed-c21a-419f-ba99-80c7d2fd5c7e,2021-12-22 19:12:56.662,Reporting Drip Condensate,1997-01-30,2a3812c4-8ba6-4a6a-a46b-254ef3c33f94,,
published,,137c91ed-c21a-419f-ba99-80c7d2fd5c7e,2021-12-22 19:12:56.662,137c91ed-c21a-419f-ba99-80c7d2fd5c7e,2021-12-22 19:12:56.662,EDI Handbook for Payors and Reporters,1997-01-17,3bba7b59-217f-4206-837e-d3d993aeade5,,
published,,137c91ed-c21a-419f-ba99-80c7d2fd5c7e,2021-12-22 19:12:56.662,137c91ed-c21a-419f-ba99-80c7d2fd5c7e,2021-12-22 19:12:56.662,Designated Payors and Lease Owners,1997-01-09,57b69f60-6025-4904-b75c-3fd90d312384,,
published,,137c91ed-c21a-419f-ba99-80c7d2fd5c7e,2021-12-22 19:12:56.662,137c91ed-c21a-419f-ba99-80c7d2fd5c7e,2021-12-22 19:12:56.662,Streamlined Production Reporting Requirements,1996-12-23,77252772-283e-4da5-8a26-fd8444af23e4,,
published,,137c91ed-c21a-419f-ba99-80c7d2fd5c7e,2021-12-22 19:12:56.662,137c91ed-c21a-419f-ba99-80c7d2fd5c7e,2021-12-22 19:12:56.662,"Refunds and Recoupements after RSFA 08,1996",1996-11-25,e455241f-4c36-4291-af66-bb94b3e07a50,,
published,,137c91ed-c21a-419f-ba99-80c7d2fd5c7e,2021-12-22 19:12:56.662,137c91ed-c21a-419f-ba99-80c7d2fd5c7e,2021-12-22 19:12:56.662,Requirements for Submitting Gas Analysis Report,1996-11-04,afef9113-2aaf-4518-b0ee-f6dbdcacc32d,,
published,,137c91ed-c21a-419f-ba99-80c7d2fd5c7e,2021-12-22 19:12:56.662,137c91ed-c21a-419f-ba99-80c7d2fd5c7e,2021-12-22 19:12:56.662,Reporting Requirements for Wells in New Mexico,1996-10-22,dd375a18-c91d-4925-8511-cb2eadc54693,,
published,,137c91ed-c21a-419f-ba99-80c7d2fd5c7e,2021-12-22 19:12:56.662,137c91ed-c21a-419f-ba99-80c7d2fd5c7e,2021-12-22 19:12:56.662,Calculation of Oil and Gas,1996-10-07,662a1c45-5411-4897-952f-aef1152928c1,,
published,,137c91ed-c21a-419f-ba99-80c7d2fd5c7e,2021-12-22 19:12:56.662,137c91ed-c21a-419f-ba99-80c7d2fd5c7e,2021-12-22 19:12:56.662,Reporting Coalbed Methane,1996-04-22,695de819-7d2c-45ed-80c6-fd89ec47ee03,,
published,,137c91ed-c21a-419f-ba99-80c7d2fd5c7e,2021-12-22 19:12:56.662,137c91ed-c21a-419f-ba99-80c7d2fd5c7e,2021-12-22 19:12:56.662,Allowance Forms-Filing Requirements,1996-03-11,3c1afc7d-a243-4e86-9ec4-5428fabbec21,,
published,,137c91ed-c21a-419f-ba99-80c7d2fd5c7e,2021-12-22 19:12:56.662,137c91ed-c21a-419f-ba99-80c7d2fd5c7e,2021-12-22 19:12:56.662,Current Facility Measurement Point,1995-10-12,2aefe632-73e8-4a34-9877-e31f7480dec7,,
published,,137c91ed-c21a-419f-ba99-80c7d2fd5c7e,2021-12-22 19:12:56.662,137c91ed-c21a-419f-ba99-80c7d2fd5c7e,2021-12-22 19:12:56.662,Assessment Moratorium,1995-10-04,18c3934a-1898-4232-9bcc-695d07bdf021,,
published,,137c91ed-c21a-419f-ba99-80c7d2fd5c7e,2021-12-22 19:12:56.662,137c91ed-c21a-419f-ba99-80c7d2fd5c7e,2021-12-22 19:12:56.662,Dual Accounting Order to Perform,1995-09-29,628a29fb-d9c5-4a44-bf36-ccada204c35b,,
published,,137c91ed-c21a-419f-ba99-80c7d2fd5c7e,2021-12-22 19:12:56.662,137c91ed-c21a-419f-ba99-80c7d2fd5c7e,2021-12-22 19:12:56.662,Jicarilla Tribal Lockbox Payments,1995-09-25,ae028ba8-cc9f-44c9-a82b-6d3427b26c50,,
published,,137c91ed-c21a-419f-ba99-80c7d2fd5c7e,2021-12-22 19:12:56.662,137c91ed-c21a-419f-ba99-80c7d2fd5c7e,2021-12-22 19:12:56.662,Navajo Tribal Leases in RIK Units,1995-08-24,aee72e9e-78b9-4643-8d54-e181d824a4ae,,
published,,137c91ed-c21a-419f-ba99-80c7d2fd5c7e,2021-12-22 19:12:56.662,137c91ed-c21a-419f-ba99-80c7d2fd5c7e,2021-12-22 19:12:56.662,Jicarilla Tribal RIK Reporting Procedures,1995-07-19,2e6a421e-6d87-4fc9-a0e3-71e5545923ae,,
published,,137c91ed-c21a-419f-ba99-80c7d2fd5c7e,2021-12-22 19:12:56.662,137c91ed-c21a-419f-ba99-80c7d2fd5c7e,2021-12-22 19:12:56.662,Revised MMS-2014 Form,1995-07-17,f61bfab6-3d13-4d20-88e1-b1128cdf0842,,
published,,137c91ed-c21a-419f-ba99-80c7d2fd5c7e,2021-12-22 19:12:56.662,137c91ed-c21a-419f-ba99-80c7d2fd5c7e,2021-12-22 19:12:56.662,Initial Dual Accounting Inquiry,1995-02-10,86b47afc-7393-4d46-9fae-13ddbb59cae8,,
published,,137c91ed-c21a-419f-ba99-80c7d2fd5c7e,2021-12-22 19:12:56.662,137c91ed-c21a-419f-ba99-80c7d2fd5c7e,2021-12-22 19:12:56.662,Revised OGOR Reporter Handbook Section 12.6,1995-02-09,3c61d2ae-b8fb-4772-908d-7e531f3e6e16,,
published,,137c91ed-c21a-419f-ba99-80c7d2fd5c7e,2021-12-22 19:12:56.662,137c91ed-c21a-419f-ba99-80c7d2fd5c7e,2021-12-22 19:12:56.662,MMS-2014 Diskette Users Guide Release 1.1,1995-02-09,6c0feba6-e030-4963-9807-cca03e88b1b0,,
published,,137c91ed-c21a-419f-ba99-80c7d2fd5c7e,2021-12-22 19:12:56.662,137c91ed-c21a-419f-ba99-80c7d2fd5c7e,2021-12-22 19:12:56.662,Jicarilla RIK Reporting Procedures,1994-11-04,0dda7b12-e271-4897-9308-7b376782fefe,,
published,,137c91ed-c21a-419f-ba99-80c7d2fd5c7e,2021-12-22 19:12:56.662,137c91ed-c21a-419f-ba99-80c7d2fd5c7e,2021-12-22 19:12:56.662,Revised Solid Minerals PIF,1994-10-17,586a1bf6-dbae-4fd8-a818-f2040e52e9f2,,
published,,137c91ed-c21a-419f-ba99-80c7d2fd5c7e,2021-12-22 19:12:56.662,137c91ed-c21a-419f-ba99-80c7d2fd5c7e,2021-12-22 19:12:56.662,Allowance Limit Exception Processing,1994-07-06,63d13e83-4a69-415e-b913-b2f705ff5cba,,
published,,137c91ed-c21a-419f-ba99-80c7d2fd5c7e,2021-12-22 19:12:56.662,137c91ed-c21a-419f-ba99-80c7d2fd5c7e,2021-12-22 19:12:56.662,Billing Threshold Changes,1994-01-20,01639a8e-3926-43ca-8fa8-a33f21a21977,,
published,,137c91ed-c21a-419f-ba99-80c7d2fd5c7e,2021-12-22 19:12:56.662,137c91ed-c21a-419f-ba99-80c7d2fd5c7e,2021-12-22 19:12:56.662,Quality Measurement Reporting Requirements,1994-01-12,adb9024a-c6c1-4196-b8c4-f43902126ddc,,
published,,137c91ed-c21a-419f-ba99-80c7d2fd5c7e,2021-12-22 19:12:56.662,137c91ed-c21a-419f-ba99-80c7d2fd5c7e,2021-12-22 19:12:56.662,Unique POP Contract Selling Arrangements,1994-01-03,8e8951b7-a9ae-4a74-8c77-30f576e56f0f,,
published,,137c91ed-c21a-419f-ba99-80c7d2fd5c7e,2021-12-22 19:12:56.662,137c91ed-c21a-419f-ba99-80c7d2fd5c7e,2021-12-22 19:12:56.662,Section 10 Refund on Dual Accounting Adjustments,1993-12-08,f15c4d89-ea11-480d-93b2-b8f009f06c47,,
published,,137c91ed-c21a-419f-ba99-80c7d2fd5c7e,2021-12-22 19:12:56.662,137c91ed-c21a-419f-ba99-80c7d2fd5c7e,2021-12-22 19:12:56.662,Fee Levied by Oklahoma Commission,1993-09-17,8f92533d-4726-4989-81bc-c2ff43bf26a0,,
published,,137c91ed-c21a-419f-ba99-80c7d2fd5c7e,2021-12-22 19:12:56.662,137c91ed-c21a-419f-ba99-80c7d2fd5c7e,2021-12-22 19:12:56.662,Allowance Interest Bills,1993-09-01,250119b6-b626-473e-9ef2-582181cb907e,,
published,,137c91ed-c21a-419f-ba99-80c7d2fd5c7e,2021-12-22 19:12:56.662,137c91ed-c21a-419f-ba99-80c7d2fd5c7e,2021-12-22 19:12:56.662,Allowance Forms-Filing Bills,1993-09-01,698e356a-9434-421f-9b5e-5dd2574bf2ef,,
published,,137c91ed-c21a-419f-ba99-80c7d2fd5c7e,2021-12-22 19:12:56.662,137c91ed-c21a-419f-ba99-80c7d2fd5c7e,2021-12-22 19:12:56.662,Revised PAAS Reporter Handbook,1993-08-18,c795ed8c-fae5-4365-8f02-3cbd916c298e,,
published,,137c91ed-c21a-419f-ba99-80c7d2fd5c7e,2021-12-22 19:12:56.662,137c91ed-c21a-419f-ba99-80c7d2fd5c7e,2021-12-22 19:12:56.662,Assessing for Quality Measurement Errors,1993-07-12,1c3b7c7d-4bb2-4d07-a88b-35d3ed88f1c2,,
published,,137c91ed-c21a-419f-ba99-80c7d2fd5c7e,2021-12-22 19:12:56.662,137c91ed-c21a-419f-ba99-80c7d2fd5c7e,2021-12-22 19:12:56.662,OCS Inflation Adjustment Index,1993-06-28,329f5272-5cf7-42ca-a472-8fe939f05c84,,
published,,137c91ed-c21a-419f-ba99-80c7d2fd5c7e,2021-12-22 19:12:56.662,137c91ed-c21a-419f-ba99-80c7d2fd5c7e,2021-12-22 19:12:56.662,Facility Measurement Point numbers - GOMR,1993-05-13,0c4a081f-7df5-48ad-8648-abe6abbf37bd,,
published,,137c91ed-c21a-419f-ba99-80c7d2fd5c7e,2021-12-22 19:12:56.662,137c91ed-c21a-419f-ba99-80c7d2fd5c7e,2021-12-22 19:12:56.662,PAAS Reporting Assessments,1993-05-12,9422794d-b0d2-4d66-92d6-7b8a4604b531,,
published,,137c91ed-c21a-419f-ba99-80c7d2fd5c7e,2021-12-22 19:12:56.662,137c91ed-c21a-419f-ba99-80c7d2fd5c7e,2021-12-22 19:12:56.662,Contract Settlements Gross Proceeds Policy,1993-05-03,7b3396b6-7e4d-4131-8f0c-578b892cb107,,
published,,137c91ed-c21a-419f-ba99-80c7d2fd5c7e,2021-12-22 19:12:56.662,137c91ed-c21a-419f-ba99-80c7d2fd5c7e,2021-12-22 19:12:56.662,Navajo Tribal Lockbox Payments,1993-04-30,c58d5b27-4b46-46f4-8e9e-0e4990b909d1,,
published,,137c91ed-c21a-419f-ba99-80c7d2fd5c7e,2021-12-22 19:12:56.662,137c91ed-c21a-419f-ba99-80c7d2fd5c7e,2021-12-22 19:12:56.662,Enforcing Correct MMS-2014 Reporting,1993-04-14,b0752267-bc34-4fd5-9f93-4cb50429a137,,
published,,137c91ed-c21a-419f-ba99-80c7d2fd5c7e,2021-12-22 19:12:56.662,137c91ed-c21a-419f-ba99-80c7d2fd5c7e,2021-12-22 19:12:56.662,Dual Accounting on Indian Leases,1993-02-02,30cde49a-975d-41e7-89ce-534215e376c8,,
published,,137c91ed-c21a-419f-ba99-80c7d2fd5c7e,2021-12-22 19:12:56.662,137c91ed-c21a-419f-ba99-80c7d2fd5c7e,2021-12-22 19:12:56.662,Section 10 Refund Criteria,1993-01-15,c1d12ee0-bd3c-4b70-80d4-9f310490f9ac,,
published,,137c91ed-c21a-419f-ba99-80c7d2fd5c7e,2021-12-22 19:12:56.662,137c91ed-c21a-419f-ba99-80c7d2fd5c7e,2021-12-22 19:12:56.662,Gas Plant Numbers Required on OGORs,1992-10-15,c0d7f32d-554b-4917-a8ae-6006d3ea598f,,
published,,137c91ed-c21a-419f-ba99-80c7d2fd5c7e,2021-12-22 19:12:56.662,137c91ed-c21a-419f-ba99-80c7d2fd5c7e,2021-12-22 19:12:56.662,Gas Plant Numbers Required on MMS-3160s,1992-10-15,b2546743-bb2b-4e65-b6a4-9b41cfdd2cbc,,
published,,137c91ed-c21a-419f-ba99-80c7d2fd5c7e,2021-12-22 19:12:56.662,137c91ed-c21a-419f-ba99-80c7d2fd5c7e,2021-12-22 19:12:56.662,Fees to Recover Reporter Handbook Costs,1992-09-17,279bc63a-106d-4dd5-b807-4435922a89ad,,
published,,137c91ed-c21a-419f-ba99-80c7d2fd5c7e,2021-12-22 19:12:56.662,137c91ed-c21a-419f-ba99-80c7d2fd5c7e,2021-12-22 19:12:56.662,Theoretical Method of Dual Accounting,1992-07-27,c9e618bf-7c07-4aef-910d-33b871ff7fb7,,
published,,137c91ed-c21a-419f-ba99-80c7d2fd5c7e,2021-12-22 19:12:56.662,137c91ed-c21a-419f-ba99-80c7d2fd5c7e,2021-12-22 19:12:56.662,FERC 94 Payments,1992-06-18,dd33ca10-56e3-4f5c-9f94-69a3a8924a01,,
published,,137c91ed-c21a-419f-ba99-80c7d2fd5c7e,2021-12-22 19:12:56.662,137c91ed-c21a-419f-ba99-80c7d2fd5c7e,2021-12-22 19:12:56.662,Lease Term (TBIL) Bills,1992-05-14,fa4fb9e1-b7a0-421f-9497-2ab51565a14b,,
published,,137c91ed-c21a-419f-ba99-80c7d2fd5c7e,2021-12-22 19:12:56.662,137c91ed-c21a-419f-ba99-80c7d2fd5c7e,2021-12-22 19:12:56.662,PIF Erroneous Assessments,1992-04-23,a9a5838f-2d8c-4008-8698-ff016421696a,,
published,,137c91ed-c21a-419f-ba99-80c7d2fd5c7e,2021-12-22 19:12:56.662,137c91ed-c21a-419f-ba99-80c7d2fd5c7e,2021-12-22 19:12:56.662,POP Contract Gas Valuation,1992-04-16,ba37fa12-a26f-4cfd-8d61-87a12c7fbe24,,
published,,137c91ed-c21a-419f-ba99-80c7d2fd5c7e,2021-12-22 19:12:56.662,137c91ed-c21a-419f-ba99-80c7d2fd5c7e,2021-12-22 19:12:56.662,PAAS Onshore Problem Reporting Situations,1992-03-30,b3860644-f6f1-4bd7-8253-c60fa13be0fc,,
published,,137c91ed-c21a-419f-ba99-80c7d2fd5c7e,2021-12-22 19:12:56.662,137c91ed-c21a-419f-ba99-80c7d2fd5c7e,2021-12-22 19:12:56.662,Courtesy Notices for Nonterminable Leases,1992-03-26,0ade488d-2656-4c22-8432-3fd3ae79ad15,,
published,,137c91ed-c21a-419f-ba99-80c7d2fd5c7e,2021-12-22 19:12:56.662,137c91ed-c21a-419f-ba99-80c7d2fd5c7e,2021-12-22 19:12:56.662,Changes in AFS Bill Types,1992-02-06,b42a782c-4af9-4bb3-903f-2453c5ec0ae4,,
published,,137c91ed-c21a-419f-ba99-80c7d2fd5c7e,2021-12-22 19:12:56.662,137c91ed-c21a-419f-ba99-80c7d2fd5c7e,2021-12-22 19:12:56.662,MMS-2014 Late Reporting Assessments,1992-02-06,57768cbb-0203-4dbb-8f62-daa9ef38d92c,,
published,,137c91ed-c21a-419f-ba99-80c7d2fd5c7e,2021-12-22 19:12:56.662,137c91ed-c21a-419f-ba99-80c7d2fd5c7e,2021-12-22 19:12:56.662,Takes vs Entitlements,1992-01-22,2ba90a34-d17b-4acb-bd8c-78d57c1478af,,
published,,137c91ed-c21a-419f-ba99-80c7d2fd5c7e,2021-12-22 19:12:56.662,137c91ed-c21a-419f-ba99-80c7d2fd5c7e,2021-12-22 19:12:56.662,Indian Recoupment Limits,1992-01-06,181082ec-9621-4593-9264-a76585b3ee14,,
published,,137c91ed-c21a-419f-ba99-80c7d2fd5c7e,2021-12-22 19:12:56.662,137c91ed-c21a-419f-ba99-80c7d2fd5c7e,2021-12-22 19:12:56.662,Unauthorized Section 10 Refunds,1991-12-20,7a301441-a14d-4b63-8391-0e5b327e27cc,,
published,,137c91ed-c21a-419f-ba99-80c7d2fd5c7e,2021-12-22 19:12:56.662,137c91ed-c21a-419f-ba99-80c7d2fd5c7e,2021-12-22 19:12:56.662,Minimum Royalty Due Dates,1991-12-18,902b0b4a-b9a5-4562-9121-f074b08ccbfe,,
published,,137c91ed-c21a-419f-ba99-80c7d2fd5c7e,2021-12-22 19:12:56.662,137c91ed-c21a-419f-ba99-80c7d2fd5c7e,2021-12-22 19:12:56.662,MMS-2014 Lease Level Estimates,1991-12-16,fd050a45-3c0b-4484-acf9-4292c77956fe,,
published,,137c91ed-c21a-419f-ba99-80c7d2fd5c7e,2021-12-22 19:12:56.662,137c91ed-c21a-419f-ba99-80c7d2fd5c7e,2021-12-22 19:12:56.662,AFS Edit Changes,1991-10-30,cc1e4a94-c2c6-4875-8dbd-a7bd5a352515,,
published,,137c91ed-c21a-419f-ba99-80c7d2fd5c7e,2021-12-22 19:12:56.662,137c91ed-c21a-419f-ba99-80c7d2fd5c7e,2021-12-22 19:12:56.662,Facility Measurement Point (FMP) numbers - GOMR,1991-09-03,662a9c22-1300-4c1b-99d9-ea87001c8a6f,,
published,,137c91ed-c21a-419f-ba99-80c7d2fd5c7e,2021-12-22 19:12:56.662,137c91ed-c21a-419f-ba99-80c7d2fd5c7e,2021-12-22 19:12:56.662,Facility Measurement Point (FMP) numbers - GOM OCS Region,1991-07-23,75308a5e-8955-468f-92ec-4bd36a98d5fb,,
published,,137c91ed-c21a-419f-ba99-80c7d2fd5c7e,2021-12-22 19:12:56.662,137c91ed-c21a-419f-ba99-80c7d2fd5c7e,2021-12-22 19:12:56.662,Interest on Insufficient Estimate Balances,1991-07-08,fd814527-f0bc-4645-8751-eab8fed93135,,
published,,137c91ed-c21a-419f-ba99-80c7d2fd5c7e,2021-12-22 19:12:56.662,137c91ed-c21a-419f-ba99-80c7d2fd5c7e,2021-12-22 19:12:56.662,Assessing for Incorrect Royalty Rates on MMS-2014,1991-06-12,b38b9020-5b33-40dc-a13b-5994afeb4317,,
published,,137c91ed-c21a-419f-ba99-80c7d2fd5c7e,2021-12-22 19:12:56.662,137c91ed-c21a-419f-ba99-80c7d2fd5c7e,2021-12-22 19:12:56.662,Lease Level Estimates on MMS-2014,1991-03-14,dfb3344d-0748-477b-8267-69e7eb9d3eed,,
published,,137c91ed-c21a-419f-ba99-80c7d2fd5c7e,2021-12-22 19:12:56.662,137c91ed-c21a-419f-ba99-80c7d2fd5c7e,2021-12-22 19:12:56.662,Reporting TIN Numbers to MMS,1990-09-13,b37b8c66-1f83-4eab-b7bd-4d69e90ad938,,
published,,137c91ed-c21a-419f-ba99-80c7d2fd5c7e,2021-12-22 19:12:56.662,137c91ed-c21a-419f-ba99-80c7d2fd5c7e,2021-12-22 19:12:56.662,PAAS Automated Data Transmission Inquiry,1990-06-15,81683e71-cc3b-47be-9e36-e113aa141ce9,,
published,,137c91ed-c21a-419f-ba99-80c7d2fd5c7e,2021-12-22 19:12:56.662,137c91ed-c21a-419f-ba99-80c7d2fd5c7e,2021-12-22 19:12:56.662,Initial PAAS Reporting Assessments,1990-04-20,8360a05b-d66a-455e-a209-6d3f56ae5988,,
published,,137c91ed-c21a-419f-ba99-80c7d2fd5c7e,2021-12-22 19:12:56.662,137c91ed-c21a-419f-ba99-80c7d2fd5c7e,2021-12-22 19:12:56.662,Adjustment Reason Codes AFS/PAAS Comparison,1989-11-27,0d8b9793-708f-435d-988e-77889bc3d28e,,
published,,137c91ed-c21a-419f-ba99-80c7d2fd5c7e,2021-12-22 19:12:56.662,137c91ed-c21a-419f-ba99-80c7d2fd5c7e,2021-12-22 19:12:56.662,Clarification of Indian Coal Valuation Regulations,1989-04-21,adca1b4e-6312-46b8-a694-80011791eba1,,
published,,137c91ed-c21a-419f-ba99-80c7d2fd5c7e,2021-12-22 19:12:56.662,137c91ed-c21a-419f-ba99-80c7d2fd5c7e,2021-12-22 19:12:56.662,El Paso Natural Gas Reporting Conversion,1989-01-19,fc7313aa-acb4-4d2e-bebc-981f82354ee6,,
published,,137c91ed-c21a-419f-ba99-80c7d2fd5c7e,2021-12-22 19:12:56.662,137c91ed-c21a-419f-ba99-80c7d2fd5c7e,2021-12-22 19:12:56.662,Required 3a Number on Payments & Reports,1988-11-14,7273b29d-7662-44a9-88c5-be43501d1ac1,,
published,,137c91ed-c21a-419f-ba99-80c7d2fd5c7e,2021-12-22 19:12:56.662,137c91ed-c21a-419f-ba99-80c7d2fd5c7e,2021-12-22 19:12:56.662,Elimination of Nonrespondent EP Onshore,1988-11-14,70a765df-33a7-4262-8261-6c9affafe3df,,
published,,137c91ed-c21a-419f-ba99-80c7d2fd5c7e,2021-12-22 19:12:56.662,137c91ed-c21a-419f-ba99-80c7d2fd5c7e,2021-12-22 19:12:56.662,Royalties on Take-or-Pay Payments,1988-11-04,7f847ba2-45b5-4531-82fc-be2cbcd142ba,,
published,,137c91ed-c21a-419f-ba99-80c7d2fd5c7e,2021-12-22 19:12:56.662,137c91ed-c21a-419f-ba99-80c7d2fd5c7e,2021-12-22 19:12:56.662,Improper Tax Withholding on Indian Leases,1988-10-03,c6113af7-c8c9-42f7-a07b-1b0da7fc0b22,,
published,,137c91ed-c21a-419f-ba99-80c7d2fd5c7e,2021-12-22 19:12:56.662,137c91ed-c21a-419f-ba99-80c7d2fd5c7e,2021-12-22 19:12:56.662,Primacy of Indian Lease Terms,1988-09-30,40d5f9d3-2b46-4016-a950-97437a22beb2,,
published,,137c91ed-c21a-419f-ba99-80c7d2fd5c7e,2021-12-22 19:12:56.662,137c91ed-c21a-419f-ba99-80c7d2fd5c7e,2021-12-22 19:12:56.662,PAAS MMS-3160 Reporting Problems,1988-06-30,5da0a920-2226-4f73-86b7-0a60c79d8a48,,
published,,137c91ed-c21a-419f-ba99-80c7d2fd5c7e,2021-12-22 19:12:56.662,137c91ed-c21a-419f-ba99-80c7d2fd5c7e,2021-12-22 19:12:56.662,Initial PAAS Onshore Oil & Gas Reporter Handbook,1988-03-16,c0186853-74c1-4685-83f8-7ad4dcb126a2,,
published,,137c91ed-c21a-419f-ba99-80c7d2fd5c7e,2021-12-22 19:12:56.662,137c91ed-c21a-419f-ba99-80c7d2fd5c7e,2021-12-22 19:12:56.662,El Paso Natural Gas Reporting Conversion,1988-03-16,fc19026f-bffb-40e6-bc0d-ffaeb3fbba0e,,
published,,137c91ed-c21a-419f-ba99-80c7d2fd5c7e,2021-12-22 19:12:56.662,137c91ed-c21a-419f-ba99-80c7d2fd5c7e,2021-12-22 19:12:56.662,Royalty Rate Reporting Errors,1988-03-14,59b4bb57-aae2-48de-9f68-c18c111be44f,,
published,,137c91ed-c21a-419f-ba99-80c7d2fd5c7e,2021-12-22 19:12:56.662,137c91ed-c21a-419f-ba99-80c7d2fd5c7e,2021-12-22 19:12:56.662,Gas Valuation Procedures,1988-03-11,a2f42b78-6612-46f4-81fa-a8a5afc878c5,,
published,,137c91ed-c21a-419f-ba99-80c7d2fd5c7e,2021-12-22 19:12:56.662,137c91ed-c21a-419f-ba99-80c7d2fd5c7e,2021-12-22 19:12:56.662,Oil and Gas Valuation Regulations,1988-02-04,c12f7f55-b51c-495c-8ef2-5c6b9fb9a30a,,
published,,137c91ed-c21a-419f-ba99-80c7d2fd5c7e,2021-12-22 19:12:56.662,137c91ed-c21a-419f-ba99-80c7d2fd5c7e,2021-12-22 19:12:56.662,Interest on Retroactive Agreement Adjustments,1988-01-11,48ab67fe-0016-4b28-8510-465785e6aaef,,
published,,137c91ed-c21a-419f-ba99-80c7d2fd5c7e,2021-12-22 19:12:56.662,137c91ed-c21a-419f-ba99-80c7d2fd5c7e,2021-12-22 19:12:56.662,Recoupments and Refunds,1985-07-10,823328b4-76f0-4084-9137-9b0877f0f8c9,,
